Id,0
1461,"tensor([122032.7344], grad_fn=<AddBackward0>)"
1462,"tensor([46893.6719], grad_fn=<AddBackward0>)"
1463,"tensor([187771.1406], grad_fn=<AddBackward0>)"
1464,"tensor([210845.3906], grad_fn=<AddBackward0>)"
1465,"tensor([183202.2031], grad_fn=<AddBackward0>)"
1466,"tensor([178881.9219], grad_fn=<AddBackward0>)"
1467,"tensor([181273.1406], grad_fn=<AddBackward0>)"
1468,"tensor([175164.2812], grad_fn=<AddBackward0>)"
1469,"tensor([197259.5156], grad_fn=<AddBackward0>)"
1470,"tensor([125967.], grad_fn=<AddBackward0>)"
1471,"tensor([202714.2969], grad_fn=<AddBackward0>)"
1472,"tensor([104070.9609], grad_fn=<AddBackward0>)"
1473,"tensor([109436.2734], grad_fn=<AddBackward0>)"
1474,"tensor([149753.2188], grad_fn=<AddBackward0>)"
1475,"tensor([121011.9219], grad_fn=<AddBackward0>)"
1476,"tensor([344587.6250], grad_fn=<AddBackward0>)"
1477,"tensor([249474.3594], grad_fn=<AddBackward0>)"
1478,"tensor([296149.9688], grad_fn=<AddBackward0>)"
1479,"tensor([285267.9688], grad_fn=<AddBackward0>)"
1480,"tensor([456809.5000], grad_fn=<AddBackward0>)"
1481,"tensor([314200.1250], grad_fn=<AddBackward0>)"
1482,"tensor([209074.9531], grad_fn=<AddBackward0>)"
1483,"tensor([187185.6250], grad_fn=<AddBackward0>)"
1484,"tensor([175102.7812], grad_fn=<AddBackward0>)"
1485,"tensor([190078.0156], grad_fn=<AddBackward0>)"
1486,"tensor([201164.1406], grad_fn=<AddBackward0>)"
1487,"tensor([299127.8750], grad_fn=<AddBackward0>)"
1488,"tensor([239312.4531], grad_fn=<AddBackward0>)"
1489,"tensor([199324.6094], grad_fn=<AddBackward0>)"
1490,"tensor([247528.6875], grad_fn=<AddBackward0>)"
1491,"tensor([202115.5938], grad_fn=<AddBackward0>)"
1492,"tensor([91637.4219], grad_fn=<AddBackward0>)"
1493,"tensor([168472.6875], grad_fn=<AddBackward0>)"
1494,"tensor([279994.4062], grad_fn=<AddBackward0>)"
1495,"tensor([278792.5000], grad_fn=<AddBackward0>)"
1496,"tensor([240151.1250], grad_fn=<AddBackward0>)"
1497,"tensor([176003.8281], grad_fn=<AddBackward0>)"
1498,"tensor([162491.9219], grad_fn=<AddBackward0>)"
1499,"tensor([164379.0625], grad_fn=<AddBackward0>)"
1500,"tensor([168819.9844], grad_fn=<AddBackward0>)"
1501,"tensor([196454.2969], grad_fn=<AddBackward0>)"
1502,"tensor([164342.2188], grad_fn=<AddBackward0>)"
1503,"tensor([187543.6094], grad_fn=<AddBackward0>)"
1504,"tensor([241053.6094], grad_fn=<AddBackward0>)"
1505,"tensor([236799.7500], grad_fn=<AddBackward0>)"
1506,"tensor([202843.5156], grad_fn=<AddBackward0>)"
1507,"tensor([262893.4688], grad_fn=<AddBackward0>)"
1508,"tensor([196534.7812], grad_fn=<AddBackward0>)"
1509,"tensor([167932.8281], grad_fn=<AddBackward0>)"
1510,"tensor([165515.6406], grad_fn=<AddBackward0>)"
1511,"tensor([153035.1562], grad_fn=<AddBackward0>)"
1512,"tensor([187929.7188], grad_fn=<AddBackward0>)"
1513,"tensor([150957.9531], grad_fn=<AddBackward0>)"
1514,"tensor([132670.5156], grad_fn=<AddBackward0>)"
1515,"tensor([201896.8750], grad_fn=<AddBackward0>)"
1516,"tensor([156494.], grad_fn=<AddBackward0>)"
1517,"tensor([166713.5781], grad_fn=<AddBackward0>)"
1518,"tensor([139769.6406], grad_fn=<AddBackward0>)"
1519,"tensor([237458.4062], grad_fn=<AddBackward0>)"
1520,"tensor([133098.2969], grad_fn=<AddBackward0>)"
1521,"tensor([141656.5781], grad_fn=<AddBackward0>)"
1522,"tensor([189008.8750], grad_fn=<AddBackward0>)"
1523,"tensor([115674.5000], grad_fn=<AddBackward0>)"
1524,"tensor([124580.0625], grad_fn=<AddBackward0>)"
1525,"tensor([123631.7656], grad_fn=<AddBackward0>)"
1526,"tensor([120182.6016], grad_fn=<AddBackward0>)"
1527,"tensor([124099.0234], grad_fn=<AddBackward0>)"
1528,"tensor([132113.6562], grad_fn=<AddBackward0>)"
1529,"tensor([148035.2344], grad_fn=<AddBackward0>)"
1530,"tensor([175286.8906], grad_fn=<AddBackward0>)"
1531,"tensor([133406.2500], grad_fn=<AddBackward0>)"
1532,"tensor([96307.7031], grad_fn=<AddBackward0>)"
1533,"tensor([133824.1875], grad_fn=<AddBackward0>)"
1534,"tensor([123380.3828], grad_fn=<AddBackward0>)"
1535,"tensor([156900.1562], grad_fn=<AddBackward0>)"
1536,"tensor([122944.1641], grad_fn=<AddBackward0>)"
1537,"tensor([79128.2891], grad_fn=<AddBackward0>)"
1538,"tensor([144207.9375], grad_fn=<AddBackward0>)"
1539,"tensor([174767.1875], grad_fn=<AddBackward0>)"
1540,"tensor([101506.9062], grad_fn=<AddBackward0>)"
1541,"tensor([147149.7656], grad_fn=<AddBackward0>)"
1542,"tensor([129173.9219], grad_fn=<AddBackward0>)"
1543,"tensor([180232.2969], grad_fn=<AddBackward0>)"
1544,"tensor([85970.0781], grad_fn=<AddBackward0>)"
1545,"tensor([106430.5234], grad_fn=<AddBackward0>)"
1546,"tensor([140956.0312], grad_fn=<AddBackward0>)"
1547,"tensor([127205.0156], grad_fn=<AddBackward0>)"
1548,"tensor([131109.8281], grad_fn=<AddBackward0>)"
1549,"tensor([120564.], grad_fn=<AddBackward0>)"
1550,"tensor([137738.3906], grad_fn=<AddBackward0>)"
1551,"tensor([120812.1250], grad_fn=<AddBackward0>)"
1552,"tensor([156497.5312], grad_fn=<AddBackward0>)"
1553,"tensor([135871.9531], grad_fn=<AddBackward0>)"
1554,"tensor([133604.2500], grad_fn=<AddBackward0>)"
1555,"tensor([180565.1094], grad_fn=<AddBackward0>)"
1556,"tensor([96002.2422], grad_fn=<AddBackward0>)"
1557,"tensor([93804.7109], grad_fn=<AddBackward0>)"
1558,"tensor([107600.2656], grad_fn=<AddBackward0>)"
1559,"tensor([97912.1797], grad_fn=<AddBackward0>)"
1560,"tensor([110721.6562], grad_fn=<AddBackward0>)"
1561,"tensor([126461.0312], grad_fn=<AddBackward0>)"
1562,"tensor([133867.6250], grad_fn=<AddBackward0>)"
1563,"tensor([130350.4453], grad_fn=<AddBackward0>)"
1564,"tensor([170247.3594], grad_fn=<AddBackward0>)"
1565,"tensor([156632.1562], grad_fn=<AddBackward0>)"
1566,"tensor([219242.2969], grad_fn=<AddBackward0>)"
1567,"tensor([93514.9062], grad_fn=<AddBackward0>)"
1568,"tensor([233988.2188], grad_fn=<AddBackward0>)"
1569,"tensor([142315.5625], grad_fn=<AddBackward0>)"
1570,"tensor([152158.5938], grad_fn=<AddBackward0>)"
1571,"tensor([119267.1328], grad_fn=<AddBackward0>)"
1572,"tensor([150942.6406], grad_fn=<AddBackward0>)"
1573,"tensor([240413.5000], grad_fn=<AddBackward0>)"
1574,"tensor([130247.7812], grad_fn=<AddBackward0>)"
1575,"tensor([210605.9688], grad_fn=<AddBackward0>)"
1576,"tensor([253452.8750], grad_fn=<AddBackward0>)"
1577,"tensor([192453.], grad_fn=<AddBackward0>)"
1578,"tensor([148616.9531], grad_fn=<AddBackward0>)"
1579,"tensor([137673.4219], grad_fn=<AddBackward0>)"
1580,"tensor([199146.4219], grad_fn=<AddBackward0>)"
1581,"tensor([155318.7188], grad_fn=<AddBackward0>)"
1582,"tensor([128996.1641], grad_fn=<AddBackward0>)"
1583,"tensor([324936.6875], grad_fn=<AddBackward0>)"
1584,"tensor([231414.7344], grad_fn=<AddBackward0>)"
1585,"tensor([149714.7812], grad_fn=<AddBackward0>)"
1586,"tensor([73450.1250], grad_fn=<AddBackward0>)"
1587,"tensor([106854.2031], grad_fn=<AddBackward0>)"
1588,"tensor([148248.5156], grad_fn=<AddBackward0>)"
1589,"tensor([107969.5781], grad_fn=<AddBackward0>)"
1590,"tensor([135938.8125], grad_fn=<AddBackward0>)"
1591,"tensor([94056.5703], grad_fn=<AddBackward0>)"
1592,"tensor([123519.0781], grad_fn=<AddBackward0>)"
1593,"tensor([136135.6875], grad_fn=<AddBackward0>)"
1594,"tensor([96745.0391], grad_fn=<AddBackward0>)"
1595,"tensor([119014.7109], grad_fn=<AddBackward0>)"
1596,"tensor([210827.8125], grad_fn=<AddBackward0>)"
1597,"tensor([184003.3594], grad_fn=<AddBackward0>)"
1598,"tensor([194212.9375], grad_fn=<AddBackward0>)"
1599,"tensor([168984.3906], grad_fn=<AddBackward0>)"
1600,"tensor([163304.2812], grad_fn=<AddBackward0>)"
1601,"tensor([78353.8125], grad_fn=<AddBackward0>)"
1602,"tensor([114473.0078], grad_fn=<AddBackward0>)"
1603,"tensor([99708.4141], grad_fn=<AddBackward0>)"
1604,"tensor([242502.9219], grad_fn=<AddBackward0>)"
1605,"tensor([255236.8594], grad_fn=<AddBackward0>)"
1606,"tensor([165254.2812], grad_fn=<AddBackward0>)"
1607,"tensor([168721.9844], grad_fn=<AddBackward0>)"
1608,"tensor([223087.1875], grad_fn=<AddBackward0>)"
1609,"tensor([189610.7344], grad_fn=<AddBackward0>)"
1610,"tensor([165441.1406], grad_fn=<AddBackward0>)"
1611,"tensor([148310.5469], grad_fn=<AddBackward0>)"
1612,"tensor([189820.6562], grad_fn=<AddBackward0>)"
1613,"tensor([191581.0938], grad_fn=<AddBackward0>)"
1614,"tensor([138673.8125], grad_fn=<AddBackward0>)"
1615,"tensor([99371.0391], grad_fn=<AddBackward0>)"
1616,"tensor([89737.5625], grad_fn=<AddBackward0>)"
1617,"tensor([101931.3750], grad_fn=<AddBackward0>)"
1618,"tensor([124648.3047], grad_fn=<AddBackward0>)"
1619,"tensor([152933.0781], grad_fn=<AddBackward0>)"
1620,"tensor([176759.7656], grad_fn=<AddBackward0>)"
1621,"tensor([146856.5312], grad_fn=<AddBackward0>)"
1622,"tensor([155484.8750], grad_fn=<AddBackward0>)"
1623,"tensor([224301.9844], grad_fn=<AddBackward0>)"
1624,"tensor([235342.7031], grad_fn=<AddBackward0>)"
1625,"tensor([126402.5000], grad_fn=<AddBackward0>)"
1626,"tensor([190007.1250], grad_fn=<AddBackward0>)"
1627,"tensor([200482.4219], grad_fn=<AddBackward0>)"
1628,"tensor([281313.1562], grad_fn=<AddBackward0>)"
1629,"tensor([175217.2188], grad_fn=<AddBackward0>)"
1630,"tensor([319248.1875], grad_fn=<AddBackward0>)"
1631,"tensor([214215.9062], grad_fn=<AddBackward0>)"
1632,"tensor([231728.7344], grad_fn=<AddBackward0>)"
1633,"tensor([175967.0156], grad_fn=<AddBackward0>)"
1634,"tensor([199942.4375], grad_fn=<AddBackward0>)"
1635,"tensor([182478.7812], grad_fn=<AddBackward0>)"
1636,"tensor([168166.1406], grad_fn=<AddBackward0>)"
1637,"tensor([203612.8281], grad_fn=<AddBackward0>)"
1638,"tensor([202100.9844], grad_fn=<AddBackward0>)"
1639,"tensor([198463.7188], grad_fn=<AddBackward0>)"
1640,"tensor([245710.4688], grad_fn=<AddBackward0>)"
1641,"tensor([193198.6719], grad_fn=<AddBackward0>)"
1642,"tensor([232724.8125], grad_fn=<AddBackward0>)"
1643,"tensor([216607.2969], grad_fn=<AddBackward0>)"
1644,"tensor([227742.6562], grad_fn=<AddBackward0>)"
1645,"tensor([190161.6094], grad_fn=<AddBackward0>)"
1646,"tensor([164362.8438], grad_fn=<AddBackward0>)"
1647,"tensor([163767.5781], grad_fn=<AddBackward0>)"
1648,"tensor([140414.3438], grad_fn=<AddBackward0>)"
1649,"tensor([147986.7188], grad_fn=<AddBackward0>)"
1650,"tensor([128349.5156], grad_fn=<AddBackward0>)"
1651,"tensor([122005.8984], grad_fn=<AddBackward0>)"
1652,"tensor([107983.1016], grad_fn=<AddBackward0>)"
1653,"tensor([107842.6641], grad_fn=<AddBackward0>)"
1654,"tensor([149739.4844], grad_fn=<AddBackward0>)"
1655,"tensor([147803.6875], grad_fn=<AddBackward0>)"
1656,"tensor([146619.5938], grad_fn=<AddBackward0>)"
1657,"tensor([154799.7656], grad_fn=<AddBackward0>)"
1658,"tensor([152539.9844], grad_fn=<AddBackward0>)"
1659,"tensor([134668.8750], grad_fn=<AddBackward0>)"
1660,"tensor([168091.0469], grad_fn=<AddBackward0>)"
1661,"tensor([428277.7500], grad_fn=<AddBackward0>)"
1662,"tensor([349722.0312], grad_fn=<AddBackward0>)"
1663,"tensor([356573.9062], grad_fn=<AddBackward0>)"
1664,"tensor([450572.], grad_fn=<AddBackward0>)"
1665,"tensor([297296.9688], grad_fn=<AddBackward0>)"
1666,"tensor([336894.1875], grad_fn=<AddBackward0>)"
1667,"tensor([340273.0625], grad_fn=<AddBackward0>)"
1668,"tensor([329516.1250], grad_fn=<AddBackward0>)"
1669,"tensor([288790.2500], grad_fn=<AddBackward0>)"
1670,"tensor([330467.2500], grad_fn=<AddBackward0>)"
1671,"tensor([283245.8750], grad_fn=<AddBackward0>)"
1672,"tensor([425432.5000], grad_fn=<AddBackward0>)"
1673,"tensor([300428.5000], grad_fn=<AddBackward0>)"
1674,"tensor([255431.3750], grad_fn=<AddBackward0>)"
1675,"tensor([204165.5625], grad_fn=<AddBackward0>)"
1676,"tensor([207754.7188], grad_fn=<AddBackward0>)"
1677,"tensor([225571.4688], grad_fn=<AddBackward0>)"
1678,"tensor([431730.7500], grad_fn=<AddBackward0>)"
1679,"tensor([379774.9375], grad_fn=<AddBackward0>)"
1680,"tensor([307262.5625], grad_fn=<AddBackward0>)"
1681,"tensor([243570.0938], grad_fn=<AddBackward0>)"
1682,"tensor([319463.0312], grad_fn=<AddBackward0>)"
1683,"tensor([197751.1250], grad_fn=<AddBackward0>)"
1684,"tensor([179822.3438], grad_fn=<AddBackward0>)"
1685,"tensor([179836.1094], grad_fn=<AddBackward0>)"
1686,"tensor([178874.5312], grad_fn=<AddBackward0>)"
1687,"tensor([172246.5156], grad_fn=<AddBackward0>)"
1688,"tensor([204227.9531], grad_fn=<AddBackward0>)"
1689,"tensor([197716.2344], grad_fn=<AddBackward0>)"
1690,"tensor([207918.0312], grad_fn=<AddBackward0>)"
1691,"tensor([192415.9062], grad_fn=<AddBackward0>)"
1692,"tensor([260775.5781], grad_fn=<AddBackward0>)"
1693,"tensor([165146.1719], grad_fn=<AddBackward0>)"
1694,"tensor([190307.9531], grad_fn=<AddBackward0>)"
1695,"tensor([168405.2812], grad_fn=<AddBackward0>)"
1696,"tensor([264974.8125], grad_fn=<AddBackward0>)"
1697,"tensor([171343.6406], grad_fn=<AddBackward0>)"
1698,"tensor([332977.4062], grad_fn=<AddBackward0>)"
1699,"tensor([224014.4688], grad_fn=<AddBackward0>)"
1700,"tensor([263341.4688], grad_fn=<AddBackward0>)"
1701,"tensor([269846.2500], grad_fn=<AddBackward0>)"
1702,"tensor([252436.], grad_fn=<AddBackward0>)"
1703,"tensor([254902.9531], grad_fn=<AddBackward0>)"
1704,"tensor([289455.5000], grad_fn=<AddBackward0>)"
1705,"tensor([248490.2344], grad_fn=<AddBackward0>)"
1706,"tensor([393408.0625], grad_fn=<AddBackward0>)"
1707,"tensor([217973.0469], grad_fn=<AddBackward0>)"
1708,"tensor([210965.2344], grad_fn=<AddBackward0>)"
1709,"tensor([267856.7812], grad_fn=<AddBackward0>)"
1710,"tensor([228648.7969], grad_fn=<AddBackward0>)"
1711,"tensor([270930.0938], grad_fn=<AddBackward0>)"
1712,"tensor([260688.5312], grad_fn=<AddBackward0>)"
1713,"tensor([281944.5625], grad_fn=<AddBackward0>)"
1714,"tensor([225317.1250], grad_fn=<AddBackward0>)"
1715,"tensor([207340.9375], grad_fn=<AddBackward0>)"
1716,"tensor([190944.5469], grad_fn=<AddBackward0>)"
1717,"tensor([179084.6406], grad_fn=<AddBackward0>)"
1718,"tensor([139241.3281], grad_fn=<AddBackward0>)"
1719,"tensor([208331.0781], grad_fn=<AddBackward0>)"
1720,"tensor([234360.7344], grad_fn=<AddBackward0>)"
1721,"tensor([175694.6094], grad_fn=<AddBackward0>)"
1722,"tensor([130426.9844], grad_fn=<AddBackward0>)"
1723,"tensor([170272.8750], grad_fn=<AddBackward0>)"
1724,"tensor([213560.5625], grad_fn=<AddBackward0>)"
1725,"tensor([232660.0156], grad_fn=<AddBackward0>)"
1726,"tensor([185654.9219], grad_fn=<AddBackward0>)"
1727,"tensor([161593.0625], grad_fn=<AddBackward0>)"
1728,"tensor([189298.8906], grad_fn=<AddBackward0>)"
1729,"tensor([163742.2344], grad_fn=<AddBackward0>)"
1730,"tensor([153410.4219], grad_fn=<AddBackward0>)"
1731,"tensor([133609.0625], grad_fn=<AddBackward0>)"
1732,"tensor([149346.2969], grad_fn=<AddBackward0>)"
1733,"tensor([126150.5312], grad_fn=<AddBackward0>)"
1734,"tensor([122060.5234], grad_fn=<AddBackward0>)"
1735,"tensor([136143.2969], grad_fn=<AddBackward0>)"
1736,"tensor([130352.5625], grad_fn=<AddBackward0>)"
1737,"tensor([120351.2422], grad_fn=<AddBackward0>)"
1738,"tensor([224585.8125], grad_fn=<AddBackward0>)"
1739,"tensor([249079.1875], grad_fn=<AddBackward0>)"
1740,"tensor([228869.4062], grad_fn=<AddBackward0>)"
1741,"tensor([208963.2188], grad_fn=<AddBackward0>)"
1742,"tensor([178228.9531], grad_fn=<AddBackward0>)"
1743,"tensor([179105.4219], grad_fn=<AddBackward0>)"
1744,"tensor([169455.6562], grad_fn=<AddBackward0>)"
1745,"tensor([206368.8906], grad_fn=<AddBackward0>)"
1746,"tensor([179331.2812], grad_fn=<AddBackward0>)"
1747,"tensor([213563.4844], grad_fn=<AddBackward0>)"
1748,"tensor([231478.9375], grad_fn=<AddBackward0>)"
1749,"tensor([155848.9375], grad_fn=<AddBackward0>)"
1750,"tensor([135236.3594], grad_fn=<AddBackward0>)"
1751,"tensor([243830.5156], grad_fn=<AddBackward0>)"
1752,"tensor([128651.9766], grad_fn=<AddBackward0>)"
1753,"tensor([158468.5938], grad_fn=<AddBackward0>)"
1754,"tensor([200985.2344], grad_fn=<AddBackward0>)"
1755,"tensor([179184.], grad_fn=<AddBackward0>)"
1756,"tensor([121624.7344], grad_fn=<AddBackward0>)"
1757,"tensor([123620.1953], grad_fn=<AddBackward0>)"
1758,"tensor([159672.4531], grad_fn=<AddBackward0>)"
1759,"tensor([162716.6719], grad_fn=<AddBackward0>)"
1760,"tensor([173183.7031], grad_fn=<AddBackward0>)"
1761,"tensor([162030.7500], grad_fn=<AddBackward0>)"
1762,"tensor([180363.4219], grad_fn=<AddBackward0>)"
1763,"tensor([172829.8125], grad_fn=<AddBackward0>)"
1764,"tensor([122755.6172], grad_fn=<AddBackward0>)"
1765,"tensor([171760.5156], grad_fn=<AddBackward0>)"
1766,"tensor([194120.8281], grad_fn=<AddBackward0>)"
1767,"tensor([223564.3594], grad_fn=<AddBackward0>)"
1768,"tensor([149817.2188], grad_fn=<AddBackward0>)"
1769,"tensor([173538.4375], grad_fn=<AddBackward0>)"
1770,"tensor([164296.3281], grad_fn=<AddBackward0>)"
1771,"tensor([123823.3359], grad_fn=<AddBackward0>)"
1772,"tensor([134805.8750], grad_fn=<AddBackward0>)"
1773,"tensor([149319.5000], grad_fn=<AddBackward0>)"
1774,"tensor([161028.8125], grad_fn=<AddBackward0>)"
1775,"tensor([138159.2656], grad_fn=<AddBackward0>)"
1776,"tensor([129104.3359], grad_fn=<AddBackward0>)"
1777,"tensor([114951.1094], grad_fn=<AddBackward0>)"
1778,"tensor([145374.5938], grad_fn=<AddBackward0>)"
1779,"tensor([111289.4375], grad_fn=<AddBackward0>)"
1780,"tensor([167152.2500], grad_fn=<AddBackward0>)"
1781,"tensor([129862.3516], grad_fn=<AddBackward0>)"
1782,"tensor([100203.2812], grad_fn=<AddBackward0>)"
1783,"tensor([169622.6094], grad_fn=<AddBackward0>)"
1784,"tensor([118811.9531], grad_fn=<AddBackward0>)"
1785,"tensor([122318.7734], grad_fn=<AddBackward0>)"
1786,"tensor([303.5157], grad_fn=<AddBackward0>)"
1787,"tensor([173697.9688], grad_fn=<AddBackward0>)"
1788,"tensor([77668.7344], grad_fn=<AddBackward0>)"
1789,"tensor([108953.1641], grad_fn=<AddBackward0>)"
1790,"tensor([102910.1797], grad_fn=<AddBackward0>)"
1791,"tensor([206046.9375], grad_fn=<AddBackward0>)"
1792,"tensor([159822.9688], grad_fn=<AddBackward0>)"
1793,"tensor([133568.6875], grad_fn=<AddBackward0>)"
1794,"tensor([151798.6719], grad_fn=<AddBackward0>)"
1795,"tensor([127830.2500], grad_fn=<AddBackward0>)"
1796,"tensor([119927.8047], grad_fn=<AddBackward0>)"
1797,"tensor([131868.2344], grad_fn=<AddBackward0>)"
1798,"tensor([124138.6406], grad_fn=<AddBackward0>)"
1799,"tensor([109447.6328], grad_fn=<AddBackward0>)"
1800,"tensor([128985.6094], grad_fn=<AddBackward0>)"
1801,"tensor([138877.3438], grad_fn=<AddBackward0>)"
1802,"tensor([117559.7109], grad_fn=<AddBackward0>)"
1803,"tensor([168420.2188], grad_fn=<AddBackward0>)"
1804,"tensor([143663.5000], grad_fn=<AddBackward0>)"
1805,"tensor([143472.2812], grad_fn=<AddBackward0>)"
1806,"tensor([121625.0156], grad_fn=<AddBackward0>)"
1807,"tensor([125090.6094], grad_fn=<AddBackward0>)"
1808,"tensor([127380.0938], grad_fn=<AddBackward0>)"
1809,"tensor([128782.8828], grad_fn=<AddBackward0>)"
1810,"tensor([142106.1562], grad_fn=<AddBackward0>)"
1811,"tensor([100504.0859], grad_fn=<AddBackward0>)"
1812,"tensor([93179.2812], grad_fn=<AddBackward0>)"
1813,"tensor([117248.6562], grad_fn=<AddBackward0>)"
1814,"tensor([98472.1797], grad_fn=<AddBackward0>)"
1815,"tensor([66448.1562], grad_fn=<AddBackward0>)"
1816,"tensor([108962.6016], grad_fn=<AddBackward0>)"
1817,"tensor([132423.2812], grad_fn=<AddBackward0>)"
1818,"tensor([140766.8438], grad_fn=<AddBackward0>)"
1819,"tensor([137777.9062], grad_fn=<AddBackward0>)"
1820,"tensor([90028.5234], grad_fn=<AddBackward0>)"
1821,"tensor([104701.9219], grad_fn=<AddBackward0>)"
1822,"tensor([165542.5312], grad_fn=<AddBackward0>)"
1823,"tensor([64198.2773], grad_fn=<AddBackward0>)"
1824,"tensor([130719.2031], grad_fn=<AddBackward0>)"
1825,"tensor([142396.9219], grad_fn=<AddBackward0>)"
1826,"tensor([116444.5234], grad_fn=<AddBackward0>)"
1827,"tensor([110458.7188], grad_fn=<AddBackward0>)"
1828,"tensor([135807.1875], grad_fn=<AddBackward0>)"
1829,"tensor([131867.6094], grad_fn=<AddBackward0>)"
1830,"tensor([140572.5156], grad_fn=<AddBackward0>)"
1831,"tensor([139824.2344], grad_fn=<AddBackward0>)"
1832,"tensor([100280.5859], grad_fn=<AddBackward0>)"
1833,"tensor([149320.1562], grad_fn=<AddBackward0>)"
1834,"tensor([130435.7031], grad_fn=<AddBackward0>)"
1835,"tensor([103171.4297], grad_fn=<AddBackward0>)"
1836,"tensor([114108.5547], grad_fn=<AddBackward0>)"
1837,"tensor([76620.4297], grad_fn=<AddBackward0>)"
1838,"tensor([121204.0625], grad_fn=<AddBackward0>)"
1839,"tensor([121359.2656], grad_fn=<AddBackward0>)"
1840,"tensor([160166.2344], grad_fn=<AddBackward0>)"
1841,"tensor([141135.9531], grad_fn=<AddBackward0>)"
1842,"tensor([104716.2344], grad_fn=<AddBackward0>)"
1843,"tensor([148324.0781], grad_fn=<AddBackward0>)"
1844,"tensor([141810.4688], grad_fn=<AddBackward0>)"
1845,"tensor([151733.6094], grad_fn=<AddBackward0>)"
1846,"tensor([149506.9062], grad_fn=<AddBackward0>)"
1847,"tensor([174283.4688], grad_fn=<AddBackward0>)"
1848,"tensor([68698.4453], grad_fn=<AddBackward0>)"
1849,"tensor([113600.3203], grad_fn=<AddBackward0>)"
1850,"tensor([119779.5156], grad_fn=<AddBackward0>)"
1851,"tensor([158481.1875], grad_fn=<AddBackward0>)"
1852,"tensor([126708.7344], grad_fn=<AddBackward0>)"
1853,"tensor([147560.0625], grad_fn=<AddBackward0>)"
1854,"tensor([169685.8438], grad_fn=<AddBackward0>)"
1855,"tensor([148864.6562], grad_fn=<AddBackward0>)"
1856,"tensor([224021.2344], grad_fn=<AddBackward0>)"
1857,"tensor([137591.8594], grad_fn=<AddBackward0>)"
1858,"tensor([137311.], grad_fn=<AddBackward0>)"
1859,"tensor([115823.0156], grad_fn=<AddBackward0>)"
1860,"tensor([157676.8281], grad_fn=<AddBackward0>)"
1861,"tensor([120068.8281], grad_fn=<AddBackward0>)"
1862,"tensor([247186.1562], grad_fn=<AddBackward0>)"
1863,"tensor([235747.8750], grad_fn=<AddBackward0>)"
1864,"tensor([235636.5781], grad_fn=<AddBackward0>)"
1865,"tensor([349714.9688], grad_fn=<AddBackward0>)"
1866,"tensor([332411.3125], grad_fn=<AddBackward0>)"
1867,"tensor([237693.7188], grad_fn=<AddBackward0>)"
1868,"tensor([308095.5625], grad_fn=<AddBackward0>)"
1869,"tensor([220930.3438], grad_fn=<AddBackward0>)"
1870,"tensor([235585.3438], grad_fn=<AddBackward0>)"
1871,"tensor([256618.8438], grad_fn=<AddBackward0>)"
1872,"tensor([182738.5156], grad_fn=<AddBackward0>)"
1873,"tensor([229804.0312], grad_fn=<AddBackward0>)"
1874,"tensor([149316.4062], grad_fn=<AddBackward0>)"
1875,"tensor([199473.3594], grad_fn=<AddBackward0>)"
1876,"tensor([209906.7812], grad_fn=<AddBackward0>)"
1877,"tensor([221655.6875], grad_fn=<AddBackward0>)"
1878,"tensor([215906.8594], grad_fn=<AddBackward0>)"
1879,"tensor([133461.3438], grad_fn=<AddBackward0>)"
1880,"tensor([139935.8438], grad_fn=<AddBackward0>)"
1881,"tensor([271214.8750], grad_fn=<AddBackward0>)"
1882,"tensor([251704.7188], grad_fn=<AddBackward0>)"
1883,"tensor([194264.0156], grad_fn=<AddBackward0>)"
1884,"tensor([204395.1562], grad_fn=<AddBackward0>)"
1885,"tensor([241527.8750], grad_fn=<AddBackward0>)"
1886,"tensor([286297.2500], grad_fn=<AddBackward0>)"
1887,"tensor([227395.0938], grad_fn=<AddBackward0>)"
1888,"tensor([284139.1562], grad_fn=<AddBackward0>)"
1889,"tensor([181147.7656], grad_fn=<AddBackward0>)"
1890,"tensor([139408.5625], grad_fn=<AddBackward0>)"
1891,"tensor([139094.5625], grad_fn=<AddBackward0>)"
1892,"tensor([94571.], grad_fn=<AddBackward0>)"
1893,"tensor([130603.0156], grad_fn=<AddBackward0>)"
1894,"tensor([140072.7344], grad_fn=<AddBackward0>)"
1895,"tensor([146441.6094], grad_fn=<AddBackward0>)"
1896,"tensor([137936.2656], grad_fn=<AddBackward0>)"
1897,"tensor([125526.1953], grad_fn=<AddBackward0>)"
1898,"tensor([125847.6875], grad_fn=<AddBackward0>)"
1899,"tensor([167183.2812], grad_fn=<AddBackward0>)"
1900,"tensor([146416.4219], grad_fn=<AddBackward0>)"
1901,"tensor([152729.3281], grad_fn=<AddBackward0>)"
1902,"tensor([140665.9062], grad_fn=<AddBackward0>)"
1903,"tensor([190313.3594], grad_fn=<AddBackward0>)"
1904,"tensor([131773.8750], grad_fn=<AddBackward0>)"
1905,"tensor([191440.9219], grad_fn=<AddBackward0>)"
1906,"tensor([144032.1875], grad_fn=<AddBackward0>)"
1907,"tensor([189932.2969], grad_fn=<AddBackward0>)"
1908,"tensor([117268.7734], grad_fn=<AddBackward0>)"
1909,"tensor([139627.4531], grad_fn=<AddBackward0>)"
1910,"tensor([130283.7812], grad_fn=<AddBackward0>)"
1911,"tensor([195197.5000], grad_fn=<AddBackward0>)"
1912,"tensor([251085.8906], grad_fn=<AddBackward0>)"
1913,"tensor([139114.3125], grad_fn=<AddBackward0>)"
1914,"tensor([80814.9531], grad_fn=<AddBackward0>)"
1915,"tensor([293775.4062], grad_fn=<AddBackward0>)"
1916,"tensor([64653.7031], grad_fn=<AddBackward0>)"
1917,"tensor([241606.7500], grad_fn=<AddBackward0>)"
1918,"tensor([145208.7500], grad_fn=<AddBackward0>)"
1919,"tensor([175677.1719], grad_fn=<AddBackward0>)"
1920,"tensor([169496.5781], grad_fn=<AddBackward0>)"
1921,"tensor([362204.5938], grad_fn=<AddBackward0>)"
1922,"tensor([298792.4688], grad_fn=<AddBackward0>)"
1923,"tensor([201228.9531], grad_fn=<AddBackward0>)"
1924,"tensor([244088.2812], grad_fn=<AddBackward0>)"
1925,"tensor([214516.8281], grad_fn=<AddBackward0>)"
1926,"tensor([358660.1562], grad_fn=<AddBackward0>)"
1927,"tensor([138388.6719], grad_fn=<AddBackward0>)"
1928,"tensor([169547.1094], grad_fn=<AddBackward0>)"
1929,"tensor([129730.8516], grad_fn=<AddBackward0>)"
1930,"tensor([136870.4062], grad_fn=<AddBackward0>)"
1931,"tensor([144733.2656], grad_fn=<AddBackward0>)"
1932,"tensor([148657.5469], grad_fn=<AddBackward0>)"
1933,"tensor([174121.1094], grad_fn=<AddBackward0>)"
1934,"tensor([189054.5312], grad_fn=<AddBackward0>)"
1935,"tensor([182117.2031], grad_fn=<AddBackward0>)"
1936,"tensor([200562.7500], grad_fn=<AddBackward0>)"
1937,"tensor([183777.6562], grad_fn=<AddBackward0>)"
1938,"tensor([183303.2969], grad_fn=<AddBackward0>)"
1939,"tensor([235018.7344], grad_fn=<AddBackward0>)"
1940,"tensor([183105.0625], grad_fn=<AddBackward0>)"
1941,"tensor([174792.3750], grad_fn=<AddBackward0>)"
1942,"tensor([181881.0625], grad_fn=<AddBackward0>)"
1943,"tensor([193543.4531], grad_fn=<AddBackward0>)"
1944,"tensor([314601.7500], grad_fn=<AddBackward0>)"
1945,"tensor([341051.6250], grad_fn=<AddBackward0>)"
1946,"tensor([136265.0469], grad_fn=<AddBackward0>)"
1947,"tensor([268941.4688], grad_fn=<AddBackward0>)"
1948,"tensor([177799.4688], grad_fn=<AddBackward0>)"
1949,"tensor([230407.6562], grad_fn=<AddBackward0>)"
1950,"tensor([194562.2188], grad_fn=<AddBackward0>)"
1951,"tensor([248891.2656], grad_fn=<AddBackward0>)"
1952,"tensor([208850.4688], grad_fn=<AddBackward0>)"
1953,"tensor([185459.5156], grad_fn=<AddBackward0>)"
1954,"tensor([193039.2812], grad_fn=<AddBackward0>)"
1955,"tensor([141894.8906], grad_fn=<AddBackward0>)"
1956,"tensor([231769.6094], grad_fn=<AddBackward0>)"
1957,"tensor([163046.4531], grad_fn=<AddBackward0>)"
1958,"tensor([303439.2188], grad_fn=<AddBackward0>)"
1959,"tensor([161136.4219], grad_fn=<AddBackward0>)"
1960,"tensor([113409.6797], grad_fn=<AddBackward0>)"
1961,"tensor([133612.6406], grad_fn=<AddBackward0>)"
1962,"tensor([112846.9062], grad_fn=<AddBackward0>)"
1963,"tensor([115672.0078], grad_fn=<AddBackward0>)"
1964,"tensor([119373.6406], grad_fn=<AddBackward0>)"
1965,"tensor([144813.0469], grad_fn=<AddBackward0>)"
1966,"tensor([142075.0312], grad_fn=<AddBackward0>)"
1967,"tensor([302523.8438], grad_fn=<AddBackward0>)"
1968,"tensor([392965.9688], grad_fn=<AddBackward0>)"
1969,"tensor([367346.9688], grad_fn=<AddBackward0>)"
1970,"tensor([392192.2188], grad_fn=<AddBackward0>)"
1971,"tensor([403228.0938], grad_fn=<AddBackward0>)"
1972,"tensor([362348.5312], grad_fn=<AddBackward0>)"
1973,"tensor([270589.7812], grad_fn=<AddBackward0>)"
1974,"tensor([323733.4062], grad_fn=<AddBackward0>)"
1975,"tensor([324967.5000], grad_fn=<AddBackward0>)"
1976,"tensor([289081.9062], grad_fn=<AddBackward0>)"
1977,"tensor([384456.5625], grad_fn=<AddBackward0>)"
1978,"tensor([337723.8125], grad_fn=<AddBackward0>)"
1979,"tensor([311741.1562], grad_fn=<AddBackward0>)"
1980,"tensor([206211.5312], grad_fn=<AddBackward0>)"
1981,"tensor([339749.4062], grad_fn=<AddBackward0>)"
1982,"tensor([230584.1094], grad_fn=<AddBackward0>)"
1983,"tensor([208473.3438], grad_fn=<AddBackward0>)"
1984,"tensor([172195.1562], grad_fn=<AddBackward0>)"
1985,"tensor([242285.1094], grad_fn=<AddBackward0>)"
1986,"tensor([229930.1875], grad_fn=<AddBackward0>)"
1987,"tensor([182780.9844], grad_fn=<AddBackward0>)"
1988,"tensor([186558.1562], grad_fn=<AddBackward0>)"
1989,"tensor([199987.3438], grad_fn=<AddBackward0>)"
1990,"tensor([222618.4531], grad_fn=<AddBackward0>)"
1991,"tensor([232796.1406], grad_fn=<AddBackward0>)"
1992,"tensor([234121.1875], grad_fn=<AddBackward0>)"
1993,"tensor([174209.1875], grad_fn=<AddBackward0>)"
1994,"tensor([227888.0938], grad_fn=<AddBackward0>)"
1995,"tensor([191429.1875], grad_fn=<AddBackward0>)"
1996,"tensor([286922.5625], grad_fn=<AddBackward0>)"
1997,"tensor([292437.1875], grad_fn=<AddBackward0>)"
1998,"tensor([331999.7500], grad_fn=<AddBackward0>)"
1999,"tensor([274150.4062], grad_fn=<AddBackward0>)"
2000,"tensor([290315.8125], grad_fn=<AddBackward0>)"
2001,"tensor([274758.0312], grad_fn=<AddBackward0>)"
2002,"tensor([252711.5625], grad_fn=<AddBackward0>)"
2003,"tensor([260003.2969], grad_fn=<AddBackward0>)"
2004,"tensor([292665.9375], grad_fn=<AddBackward0>)"
2005,"tensor([229232.5625], grad_fn=<AddBackward0>)"
2006,"tensor([217743.3438], grad_fn=<AddBackward0>)"
2007,"tensor([253706.3906], grad_fn=<AddBackward0>)"
2008,"tensor([216685.7031], grad_fn=<AddBackward0>)"
2009,"tensor([204690.8906], grad_fn=<AddBackward0>)"
2010,"tensor([198044.0625], grad_fn=<AddBackward0>)"
2011,"tensor([137117.8438], grad_fn=<AddBackward0>)"
2012,"tensor([178889.1875], grad_fn=<AddBackward0>)"
2013,"tensor([185714.2969], grad_fn=<AddBackward0>)"
2014,"tensor([199307.3125], grad_fn=<AddBackward0>)"
2015,"tensor([196670.0938], grad_fn=<AddBackward0>)"
2016,"tensor([204006.8281], grad_fn=<AddBackward0>)"
2017,"tensor([200200.4844], grad_fn=<AddBackward0>)"
2018,"tensor([129905.5234], grad_fn=<AddBackward0>)"
2019,"tensor([140805.9219], grad_fn=<AddBackward0>)"
2020,"tensor([108585.4453], grad_fn=<AddBackward0>)"
2021,"tensor([102139.5078], grad_fn=<AddBackward0>)"
2022,"tensor([194316.7031], grad_fn=<AddBackward0>)"
2023,"tensor([144665.9219], grad_fn=<AddBackward0>)"
2024,"tensor([277874.4688], grad_fn=<AddBackward0>)"
2025,"tensor([341353.7188], grad_fn=<AddBackward0>)"
2026,"tensor([176233.1562], grad_fn=<AddBackward0>)"
2027,"tensor([166159.8281], grad_fn=<AddBackward0>)"
2028,"tensor([154716.9844], grad_fn=<AddBackward0>)"
2029,"tensor([162885.1562], grad_fn=<AddBackward0>)"
2030,"tensor([260373.4062], grad_fn=<AddBackward0>)"
2031,"tensor([238352.5312], grad_fn=<AddBackward0>)"
2032,"tensor([244479.7969], grad_fn=<AddBackward0>)"
2033,"tensor([246571.0469], grad_fn=<AddBackward0>)"
2034,"tensor([167312.2188], grad_fn=<AddBackward0>)"
2035,"tensor([229912.0625], grad_fn=<AddBackward0>)"
2036,"tensor([200282.0469], grad_fn=<AddBackward0>)"
2037,"tensor([200798.7031], grad_fn=<AddBackward0>)"
2038,"tensor([220044.3594], grad_fn=<AddBackward0>)"
2039,"tensor([198832.6875], grad_fn=<AddBackward0>)"
2040,"tensor([309611.7188], grad_fn=<AddBackward0>)"
2041,"tensor([238360.5625], grad_fn=<AddBackward0>)"
2042,"tensor([206973.5938], grad_fn=<AddBackward0>)"
2043,"tensor([181162.5000], grad_fn=<AddBackward0>)"
2044,"tensor([183986.8906], grad_fn=<AddBackward0>)"
2045,"tensor([201392.0469], grad_fn=<AddBackward0>)"
2046,"tensor([141394.5312], grad_fn=<AddBackward0>)"
2047,"tensor([155091.4375], grad_fn=<AddBackward0>)"
2048,"tensor([145773.9062], grad_fn=<AddBackward0>)"
2049,"tensor([152448.5000], grad_fn=<AddBackward0>)"
2050,"tensor([172161.0938], grad_fn=<AddBackward0>)"
2051,"tensor([112779.4219], grad_fn=<AddBackward0>)"
2052,"tensor([128919.8984], grad_fn=<AddBackward0>)"
2053,"tensor([152177.0469], grad_fn=<AddBackward0>)"
2054,"tensor([94865.2734], grad_fn=<AddBackward0>)"
2055,"tensor([156254.7031], grad_fn=<AddBackward0>)"
2056,"tensor([157915.8594], grad_fn=<AddBackward0>)"
2057,"tensor([118573.7188], grad_fn=<AddBackward0>)"
2058,"tensor([232919.0781], grad_fn=<AddBackward0>)"
2059,"tensor([147193.5469], grad_fn=<AddBackward0>)"
2060,"tensor([189490.9375], grad_fn=<AddBackward0>)"
2061,"tensor([184893.2969], grad_fn=<AddBackward0>)"
2062,"tensor([137582.7344], grad_fn=<AddBackward0>)"
2063,"tensor([119120.9844], grad_fn=<AddBackward0>)"
2064,"tensor([144914.9531], grad_fn=<AddBackward0>)"
2065,"tensor([106321.8750], grad_fn=<AddBackward0>)"
2066,"tensor([181222.5156], grad_fn=<AddBackward0>)"
2067,"tensor([140410.3438], grad_fn=<AddBackward0>)"
2068,"tensor([147700.1094], grad_fn=<AddBackward0>)"
2069,"tensor([80053.1484], grad_fn=<AddBackward0>)"
2070,"tensor([112701.4062], grad_fn=<AddBackward0>)"
2071,"tensor([114409.6875], grad_fn=<AddBackward0>)"
2072,"tensor([146065.1250], grad_fn=<AddBackward0>)"
2073,"tensor([137812.4688], grad_fn=<AddBackward0>)"
2074,"tensor([17865.7617], grad_fn=<AddBackward0>)"
2075,"tensor([153912.9062], grad_fn=<AddBackward0>)"
2076,"tensor([125634.0234], grad_fn=<AddBackward0>)"
2077,"tensor([156550.8906], grad_fn=<AddBackward0>)"
2078,"tensor([132847.5000], grad_fn=<AddBackward0>)"
2079,"tensor([139213.9062], grad_fn=<AddBackward0>)"
2080,"tensor([112364.5703], grad_fn=<AddBackward0>)"
2081,"tensor([126661.7969], grad_fn=<AddBackward0>)"
2082,"tensor([125657.6875], grad_fn=<AddBackward0>)"
2083,"tensor([144948.7031], grad_fn=<AddBackward0>)"
2084,"tensor([121961.8203], grad_fn=<AddBackward0>)"
2085,"tensor([121630.2109], grad_fn=<AddBackward0>)"
2086,"tensor([133891.9531], grad_fn=<AddBackward0>)"
2087,"tensor([124148.6406], grad_fn=<AddBackward0>)"
2088,"tensor([107546.0703], grad_fn=<AddBackward0>)"
2089,"tensor([94003.7188], grad_fn=<AddBackward0>)"
2090,"tensor([136463.1406], grad_fn=<AddBackward0>)"
2091,"tensor([112068.], grad_fn=<AddBackward0>)"
2092,"tensor([129195.8906], grad_fn=<AddBackward0>)"
2093,"tensor([93465.9375], grad_fn=<AddBackward0>)"
2094,"tensor([119236.1641], grad_fn=<AddBackward0>)"
2095,"tensor([140629.0156], grad_fn=<AddBackward0>)"
2096,"tensor([81721.8047], grad_fn=<AddBackward0>)"
2097,"tensor([104884.8750], grad_fn=<AddBackward0>)"
2098,"tensor([141717.8906], grad_fn=<AddBackward0>)"
2099,"tensor([74304.2969], grad_fn=<AddBackward0>)"
2100,"tensor([97527.3516], grad_fn=<AddBackward0>)"
2101,"tensor([118482.6094], grad_fn=<AddBackward0>)"
2102,"tensor([134796.7969], grad_fn=<AddBackward0>)"
2103,"tensor([111179.0156], grad_fn=<AddBackward0>)"
2104,"tensor([134438.5156], grad_fn=<AddBackward0>)"
2105,"tensor([124417.5938], grad_fn=<AddBackward0>)"
2106,"tensor([70518.4375], grad_fn=<AddBackward0>)"
2107,"tensor([204371.9062], grad_fn=<AddBackward0>)"
2108,"tensor([117400.6719], grad_fn=<AddBackward0>)"
2109,"tensor([116433.4375], grad_fn=<AddBackward0>)"
2110,"tensor([123772.9062], grad_fn=<AddBackward0>)"
2111,"tensor([130328.6172], grad_fn=<AddBackward0>)"
2112,"tensor([142418.5312], grad_fn=<AddBackward0>)"
2113,"tensor([118404.2344], grad_fn=<AddBackward0>)"
2114,"tensor([118444.1562], grad_fn=<AddBackward0>)"
2115,"tensor([159924.7500], grad_fn=<AddBackward0>)"
2116,"tensor([119395.3906], grad_fn=<AddBackward0>)"
2117,"tensor([141927.0625], grad_fn=<AddBackward0>)"
2118,"tensor([133153.0938], grad_fn=<AddBackward0>)"
2119,"tensor([113682.9453], grad_fn=<AddBackward0>)"
2120,"tensor([114597.7969], grad_fn=<AddBackward0>)"
2121,"tensor([83595.5391], grad_fn=<AddBackward0>)"
2122,"tensor([136585.9062], grad_fn=<AddBackward0>)"
2123,"tensor([85953.1641], grad_fn=<AddBackward0>)"
2124,"tensor([152250.3125], grad_fn=<AddBackward0>)"
2125,"tensor([145554.0312], grad_fn=<AddBackward0>)"
2126,"tensor([173466.7500], grad_fn=<AddBackward0>)"
2127,"tensor([136161.9375], grad_fn=<AddBackward0>)"
2128,"tensor([124433.2734], grad_fn=<AddBackward0>)"
2129,"tensor([94434.8125], grad_fn=<AddBackward0>)"
2130,"tensor([137037.3438], grad_fn=<AddBackward0>)"
2131,"tensor([77169.5547], grad_fn=<AddBackward0>)"
2132,"tensor([108074.8359], grad_fn=<AddBackward0>)"
2133,"tensor([136897.5156], grad_fn=<AddBackward0>)"
2134,"tensor([132966.3906], grad_fn=<AddBackward0>)"
2135,"tensor([101362.3438], grad_fn=<AddBackward0>)"
2136,"tensor([94453.2656], grad_fn=<AddBackward0>)"
2137,"tensor([124157.4922], grad_fn=<AddBackward0>)"
2138,"tensor([130773.0312], grad_fn=<AddBackward0>)"
2139,"tensor([154799.0469], grad_fn=<AddBackward0>)"
2140,"tensor([140999.7500], grad_fn=<AddBackward0>)"
2141,"tensor([147331.4844], grad_fn=<AddBackward0>)"
2142,"tensor([131810.8906], grad_fn=<AddBackward0>)"
2143,"tensor([161716.2812], grad_fn=<AddBackward0>)"
2144,"tensor([121887.2500], grad_fn=<AddBackward0>)"
2145,"tensor([148563.2031], grad_fn=<AddBackward0>)"
2146,"tensor([156864.6875], grad_fn=<AddBackward0>)"
2147,"tensor([158959.0312], grad_fn=<AddBackward0>)"
2148,"tensor([135930.7500], grad_fn=<AddBackward0>)"
2149,"tensor([145090.1562], grad_fn=<AddBackward0>)"
2150,"tensor([219618.9688], grad_fn=<AddBackward0>)"
2151,"tensor([126255.0312], grad_fn=<AddBackward0>)"
2152,"tensor([151089.1406], grad_fn=<AddBackward0>)"
2153,"tensor([157048.1875], grad_fn=<AddBackward0>)"
2154,"tensor([107368.8438], grad_fn=<AddBackward0>)"
2155,"tensor([156920.5625], grad_fn=<AddBackward0>)"
2156,"tensor([242447.0469], grad_fn=<AddBackward0>)"
2157,"tensor([249829.2344], grad_fn=<AddBackward0>)"
2158,"tensor([232452.5156], grad_fn=<AddBackward0>)"
2159,"tensor([205572.9688], grad_fn=<AddBackward0>)"
2160,"tensor([182067.0312], grad_fn=<AddBackward0>)"
2161,"tensor([246200.5469], grad_fn=<AddBackward0>)"
2162,"tensor([373684.5312], grad_fn=<AddBackward0>)"
2163,"tensor([357178.2812], grad_fn=<AddBackward0>)"
2164,"tensor([246599.2500], grad_fn=<AddBackward0>)"
2165,"tensor([177213.2188], grad_fn=<AddBackward0>)"
2166,"tensor([157178.5312], grad_fn=<AddBackward0>)"
2167,"tensor([226918.2188], grad_fn=<AddBackward0>)"
2168,"tensor([199680.9062], grad_fn=<AddBackward0>)"
2169,"tensor([199265.1406], grad_fn=<AddBackward0>)"
2170,"tensor([201353.2500], grad_fn=<AddBackward0>)"
2171,"tensor([163076.7031], grad_fn=<AddBackward0>)"
2172,"tensor([136882.1250], grad_fn=<AddBackward0>)"
2173,"tensor([159953.1250], grad_fn=<AddBackward0>)"
2174,"tensor([230355.9375], grad_fn=<AddBackward0>)"
2175,"tensor([285525.6250], grad_fn=<AddBackward0>)"
2176,"tensor([296956.5625], grad_fn=<AddBackward0>)"
2177,"tensor([234850.0938], grad_fn=<AddBackward0>)"
2178,"tensor([214306.3125], grad_fn=<AddBackward0>)"
2179,"tensor([147527.4375], grad_fn=<AddBackward0>)"
2180,"tensor([215600.1719], grad_fn=<AddBackward0>)"
2181,"tensor([194321.1875], grad_fn=<AddBackward0>)"
2182,"tensor([224571.6875], grad_fn=<AddBackward0>)"
2183,"tensor([193826.2031], grad_fn=<AddBackward0>)"
2184,"tensor([124723.1875], grad_fn=<AddBackward0>)"
2185,"tensor([130437.2500], grad_fn=<AddBackward0>)"
2186,"tensor([153019.1719], grad_fn=<AddBackward0>)"
2187,"tensor([152785.5156], grad_fn=<AddBackward0>)"
2188,"tensor([153312.2969], grad_fn=<AddBackward0>)"
2189,"tensor([45190.3398], grad_fn=<AddBackward0>)"
2190,"tensor([81236.2969], grad_fn=<AddBackward0>)"
2191,"tensor([82071.5000], grad_fn=<AddBackward0>)"
2192,"tensor([91697.0234], grad_fn=<AddBackward0>)"
2193,"tensor([102990.3594], grad_fn=<AddBackward0>)"
2194,"tensor([101947.3281], grad_fn=<AddBackward0>)"
2195,"tensor([113471.9141], grad_fn=<AddBackward0>)"
2196,"tensor([102022.1016], grad_fn=<AddBackward0>)"
2197,"tensor([135321.8438], grad_fn=<AddBackward0>)"
2198,"tensor([166185.4531], grad_fn=<AddBackward0>)"
2199,"tensor([149520.8125], grad_fn=<AddBackward0>)"
2200,"tensor([139589.2188], grad_fn=<AddBackward0>)"
2201,"tensor([144259.7188], grad_fn=<AddBackward0>)"
2202,"tensor([178051.7344], grad_fn=<AddBackward0>)"
2203,"tensor([155168.4375], grad_fn=<AddBackward0>)"
2204,"tensor([161796.2031], grad_fn=<AddBackward0>)"
2205,"tensor([109308.2578], grad_fn=<AddBackward0>)"
2206,"tensor([129127.7109], grad_fn=<AddBackward0>)"
2207,"tensor([184598.8438], grad_fn=<AddBackward0>)"
2208,"tensor([233837.9219], grad_fn=<AddBackward0>)"
2209,"tensor([202263.2188], grad_fn=<AddBackward0>)"
2210,"tensor([126354.9766], grad_fn=<AddBackward0>)"
2211,"tensor([114493.1016], grad_fn=<AddBackward0>)"
2212,"tensor([128707.6406], grad_fn=<AddBackward0>)"
2213,"tensor([109227.1875], grad_fn=<AddBackward0>)"
2214,"tensor([138706.4844], grad_fn=<AddBackward0>)"
2215,"tensor([113349.1250], grad_fn=<AddBackward0>)"
2216,"tensor([149253.8438], grad_fn=<AddBackward0>)"
2217,"tensor([52961.4961], grad_fn=<AddBackward0>)"
2218,"tensor([99975.5234], grad_fn=<AddBackward0>)"
2219,"tensor([83422.1719], grad_fn=<AddBackward0>)"
2220,"tensor([84452.5156], grad_fn=<AddBackward0>)"
2221,"tensor([301478.4688], grad_fn=<AddBackward0>)"
2222,"tensor([247165.], grad_fn=<AddBackward0>)"
2223,"tensor([290522.1250], grad_fn=<AddBackward0>)"
2224,"tensor([228289.5469], grad_fn=<AddBackward0>)"
2225,"tensor([146788.0156], grad_fn=<AddBackward0>)"
2226,"tensor([206503.7188], grad_fn=<AddBackward0>)"
2227,"tensor([210314.1562], grad_fn=<AddBackward0>)"
2228,"tensor([278982.9375], grad_fn=<AddBackward0>)"
2229,"tensor([242180.9219], grad_fn=<AddBackward0>)"
2230,"tensor([158021.7969], grad_fn=<AddBackward0>)"
2231,"tensor([209203.4219], grad_fn=<AddBackward0>)"
2232,"tensor([197236.7188], grad_fn=<AddBackward0>)"
2233,"tensor([181591.7969], grad_fn=<AddBackward0>)"
2234,"tensor([252512.7500], grad_fn=<AddBackward0>)"
2235,"tensor([234732.8594], grad_fn=<AddBackward0>)"
2236,"tensor([269077.], grad_fn=<AddBackward0>)"
2237,"tensor([356992.2188], grad_fn=<AddBackward0>)"
2238,"tensor([208072.0312], grad_fn=<AddBackward0>)"
2239,"tensor([108892.], grad_fn=<AddBackward0>)"
2240,"tensor([162820.3125], grad_fn=<AddBackward0>)"
2241,"tensor([160855.8438], grad_fn=<AddBackward0>)"
2242,"tensor([138411.4219], grad_fn=<AddBackward0>)"
2243,"tensor([137861.5000], grad_fn=<AddBackward0>)"
2244,"tensor([111747.7656], grad_fn=<AddBackward0>)"
2245,"tensor([116135.5938], grad_fn=<AddBackward0>)"
2246,"tensor([136646.2188], grad_fn=<AddBackward0>)"
2247,"tensor([119671.7344], grad_fn=<AddBackward0>)"
2248,"tensor([136566.8594], grad_fn=<AddBackward0>)"
2249,"tensor([133977.8906], grad_fn=<AddBackward0>)"
2250,"tensor([135546.8125], grad_fn=<AddBackward0>)"
2251,"tensor([104746.6875], grad_fn=<AddBackward0>)"
2252,"tensor([199170.6875], grad_fn=<AddBackward0>)"
2253,"tensor([152590.0938], grad_fn=<AddBackward0>)"
2254,"tensor([167292.5625], grad_fn=<AddBackward0>)"
2255,"tensor([198206.2188], grad_fn=<AddBackward0>)"
2256,"tensor([178185.2969], grad_fn=<AddBackward0>)"
2257,"tensor([220785.5625], grad_fn=<AddBackward0>)"
2258,"tensor([166919.3281], grad_fn=<AddBackward0>)"
2259,"tensor([180434.6250], grad_fn=<AddBackward0>)"
2260,"tensor([152754.6406], grad_fn=<AddBackward0>)"
2261,"tensor([187613.8125], grad_fn=<AddBackward0>)"
2262,"tensor([202100.5312], grad_fn=<AddBackward0>)"
2263,"tensor([340497.6250], grad_fn=<AddBackward0>)"
2264,"tensor([257957.7344], grad_fn=<AddBackward0>)"
2265,"tensor([145300.2656], grad_fn=<AddBackward0>)"
2266,"tensor([270336.7500], grad_fn=<AddBackward0>)"
2267,"tensor([356799.9688], grad_fn=<AddBackward0>)"
2268,"tensor([339525.4688], grad_fn=<AddBackward0>)"
2269,"tensor([160423.3750], grad_fn=<AddBackward0>)"
2270,"tensor([197381.4062], grad_fn=<AddBackward0>)"
2271,"tensor([230127.8750], grad_fn=<AddBackward0>)"
2272,"tensor([211731.1875], grad_fn=<AddBackward0>)"
2273,"tensor([167532.4219], grad_fn=<AddBackward0>)"
2274,"tensor([206145.6719], grad_fn=<AddBackward0>)"
2275,"tensor([173350.0625], grad_fn=<AddBackward0>)"
2276,"tensor([176712.4844], grad_fn=<AddBackward0>)"
2277,"tensor([195197.0781], grad_fn=<AddBackward0>)"
2278,"tensor([154148.1875], grad_fn=<AddBackward0>)"
2279,"tensor([133610.6406], grad_fn=<AddBackward0>)"
2280,"tensor([108062.6641], grad_fn=<AddBackward0>)"
2281,"tensor([177971.0625], grad_fn=<AddBackward0>)"
2282,"tensor([195043.7500], grad_fn=<AddBackward0>)"
2283,"tensor([114971.0469], grad_fn=<AddBackward0>)"
2284,"tensor([123886.1562], grad_fn=<AddBackward0>)"
2285,"tensor([143559.1250], grad_fn=<AddBackward0>)"
2286,"tensor([128183.2344], grad_fn=<AddBackward0>)"
2287,"tensor([343606.9375], grad_fn=<AddBackward0>)"
2288,"tensor([274881.5938], grad_fn=<AddBackward0>)"
2289,"tensor([359714.7500], grad_fn=<AddBackward0>)"
2290,"tensor([400239.7812], grad_fn=<AddBackward0>)"
2291,"tensor([319963.9375], grad_fn=<AddBackward0>)"
2292,"tensor([397331.2500], grad_fn=<AddBackward0>)"
2293,"tensor([431670.4375], grad_fn=<AddBackward0>)"
2294,"tensor([349880.4375], grad_fn=<AddBackward0>)"
2295,"tensor([425720.9375], grad_fn=<AddBackward0>)"
2296,"tensor([282515.4688], grad_fn=<AddBackward0>)"
2297,"tensor([316419.9062], grad_fn=<AddBackward0>)"
2298,"tensor([312606.9375], grad_fn=<AddBackward0>)"
2299,"tensor([361233.3750], grad_fn=<AddBackward0>)"
2300,"tensor([326272.], grad_fn=<AddBackward0>)"
2301,"tensor([300861.4062], grad_fn=<AddBackward0>)"
2302,"tensor([262263.3125], grad_fn=<AddBackward0>)"
2303,"tensor([238926.9219], grad_fn=<AddBackward0>)"
2304,"tensor([239992.8906], grad_fn=<AddBackward0>)"
2305,"tensor([206086.2812], grad_fn=<AddBackward0>)"
2306,"tensor([204210.7031], grad_fn=<AddBackward0>)"
2307,"tensor([205062.6719], grad_fn=<AddBackward0>)"
2308,"tensor([209579.2188], grad_fn=<AddBackward0>)"
2309,"tensor([276331.7188], grad_fn=<AddBackward0>)"
2310,"tensor([214335.3594], grad_fn=<AddBackward0>)"
2311,"tensor([217951.9844], grad_fn=<AddBackward0>)"
2312,"tensor([176738.1719], grad_fn=<AddBackward0>)"
2313,"tensor([174935.], grad_fn=<AddBackward0>)"
2314,"tensor([170267.6406], grad_fn=<AddBackward0>)"
2315,"tensor([180781.2500], grad_fn=<AddBackward0>)"
2316,"tensor([192452.9688], grad_fn=<AddBackward0>)"
2317,"tensor([198636.7812], grad_fn=<AddBackward0>)"
2318,"tensor([182259.5469], grad_fn=<AddBackward0>)"
2319,"tensor([182116.8438], grad_fn=<AddBackward0>)"
2320,"tensor([184439.9844], grad_fn=<AddBackward0>)"
2321,"tensor([254869.5000], grad_fn=<AddBackward0>)"
2322,"tensor([189914.2969], grad_fn=<AddBackward0>)"
2323,"tensor([189073.8594], grad_fn=<AddBackward0>)"
2324,"tensor([187118.3281], grad_fn=<AddBackward0>)"
2325,"tensor([210720.], grad_fn=<AddBackward0>)"
2326,"tensor([175632.8281], grad_fn=<AddBackward0>)"
2327,"tensor([210530.3125], grad_fn=<AddBackward0>)"
2328,"tensor([229634.3125], grad_fn=<AddBackward0>)"
2329,"tensor([196150.2969], grad_fn=<AddBackward0>)"
2330,"tensor([192487.0938], grad_fn=<AddBackward0>)"
2331,"tensor([354579.6250], grad_fn=<AddBackward0>)"
2332,"tensor([356207.5625], grad_fn=<AddBackward0>)"
2333,"tensor([308103.6250], grad_fn=<AddBackward0>)"
2334,"tensor([256737.7500], grad_fn=<AddBackward0>)"
2335,"tensor([270089.5938], grad_fn=<AddBackward0>)"
2336,"tensor([314613.6875], grad_fn=<AddBackward0>)"
2337,"tensor([205420.2031], grad_fn=<AddBackward0>)"
2338,"tensor([280783.6875], grad_fn=<AddBackward0>)"
2339,"tensor([224171.0156], grad_fn=<AddBackward0>)"
2340,"tensor([385329.7812], grad_fn=<AddBackward0>)"
2341,"tensor([231527.5625], grad_fn=<AddBackward0>)"
2342,"tensor([239317.6562], grad_fn=<AddBackward0>)"
2343,"tensor([234405.6719], grad_fn=<AddBackward0>)"
2344,"tensor([221677.8125], grad_fn=<AddBackward0>)"
2345,"tensor([236091.8438], grad_fn=<AddBackward0>)"
2346,"tensor([216532.6094], grad_fn=<AddBackward0>)"
2347,"tensor([208412.6406], grad_fn=<AddBackward0>)"
2348,"tensor([237470.7656], grad_fn=<AddBackward0>)"
2349,"tensor([184207.5625], grad_fn=<AddBackward0>)"
2350,"tensor([295784.1562], grad_fn=<AddBackward0>)"
2351,"tensor([243686.5312], grad_fn=<AddBackward0>)"
2352,"tensor([243854.3594], grad_fn=<AddBackward0>)"
2353,"tensor([269509.5938], grad_fn=<AddBackward0>)"
2354,"tensor([136786.5469], grad_fn=<AddBackward0>)"
2355,"tensor([142947.6875], grad_fn=<AddBackward0>)"
2356,"tensor([163801.3281], grad_fn=<AddBackward0>)"
2357,"tensor([201010.5000], grad_fn=<AddBackward0>)"
2358,"tensor([190959.5312], grad_fn=<AddBackward0>)"
2359,"tensor([143148.1094], grad_fn=<AddBackward0>)"
2360,"tensor([124211.9766], grad_fn=<AddBackward0>)"
2361,"tensor([152125.6562], grad_fn=<AddBackward0>)"
2362,"tensor([253903.5938], grad_fn=<AddBackward0>)"
2363,"tensor([138869.7188], grad_fn=<AddBackward0>)"
2364,"tensor([167486.6719], grad_fn=<AddBackward0>)"
2365,"tensor([228345.5781], grad_fn=<AddBackward0>)"
2366,"tensor([185934.1562], grad_fn=<AddBackward0>)"
2367,"tensor([203104.4062], grad_fn=<AddBackward0>)"
2368,"tensor([213790.2188], grad_fn=<AddBackward0>)"
2369,"tensor([199082.], grad_fn=<AddBackward0>)"
2370,"tensor([170197.8594], grad_fn=<AddBackward0>)"
2371,"tensor([166416.8438], grad_fn=<AddBackward0>)"
2372,"tensor([195102.1562], grad_fn=<AddBackward0>)"
2373,"tensor([257507.1094], grad_fn=<AddBackward0>)"
2374,"tensor([284913.1250], grad_fn=<AddBackward0>)"
2375,"tensor([225474.6562], grad_fn=<AddBackward0>)"
2376,"tensor([299805.5625], grad_fn=<AddBackward0>)"
2377,"tensor([286993.5938], grad_fn=<AddBackward0>)"
2378,"tensor([155116.6875], grad_fn=<AddBackward0>)"
2379,"tensor([232862.7656], grad_fn=<AddBackward0>)"
2380,"tensor([154504.2344], grad_fn=<AddBackward0>)"
2381,"tensor([190812.9688], grad_fn=<AddBackward0>)"
2382,"tensor([208038.3438], grad_fn=<AddBackward0>)"
2383,"tensor([209012.7812], grad_fn=<AddBackward0>)"
2384,"tensor([258014.6094], grad_fn=<AddBackward0>)"
2385,"tensor([162755.3906], grad_fn=<AddBackward0>)"
2386,"tensor([139375.4844], grad_fn=<AddBackward0>)"
2387,"tensor([140189.8906], grad_fn=<AddBackward0>)"
2388,"tensor([110970.6250], grad_fn=<AddBackward0>)"
2389,"tensor([125923.9531], grad_fn=<AddBackward0>)"
2390,"tensor([140864.1250], grad_fn=<AddBackward0>)"
2391,"tensor([143007.6406], grad_fn=<AddBackward0>)"
2392,"tensor([118250.0156], grad_fn=<AddBackward0>)"
2393,"tensor([167148.0781], grad_fn=<AddBackward0>)"
2394,"tensor([144888.3750], grad_fn=<AddBackward0>)"
2395,"tensor([210816.7969], grad_fn=<AddBackward0>)"
2396,"tensor([151924.8125], grad_fn=<AddBackward0>)"
2397,"tensor([207519.1875], grad_fn=<AddBackward0>)"
2398,"tensor([140278.0312], grad_fn=<AddBackward0>)"
2399,"tensor([79719.8281], grad_fn=<AddBackward0>)"
2400,"tensor([77531.1953], grad_fn=<AddBackward0>)"
2401,"tensor([112507.], grad_fn=<AddBackward0>)"
2402,"tensor([137447.9531], grad_fn=<AddBackward0>)"
2403,"tensor([145017.0625], grad_fn=<AddBackward0>)"
2404,"tensor([162480.3125], grad_fn=<AddBackward0>)"
2405,"tensor([168009.7344], grad_fn=<AddBackward0>)"
2406,"tensor([171114.4531], grad_fn=<AddBackward0>)"
2407,"tensor([139694.6875], grad_fn=<AddBackward0>)"
2408,"tensor([150735.8594], grad_fn=<AddBackward0>)"
2409,"tensor([131290.3125], grad_fn=<AddBackward0>)"
2410,"tensor([186628.7812], grad_fn=<AddBackward0>)"
2411,"tensor([118756.2812], grad_fn=<AddBackward0>)"
2412,"tensor([163229.8438], grad_fn=<AddBackward0>)"
2413,"tensor([135551.0938], grad_fn=<AddBackward0>)"
2414,"tensor([142354.0156], grad_fn=<AddBackward0>)"
2415,"tensor([140906.8281], grad_fn=<AddBackward0>)"
2416,"tensor([124322.4609], grad_fn=<AddBackward0>)"
2417,"tensor([139308.9688], grad_fn=<AddBackward0>)"
2418,"tensor([137595.5938], grad_fn=<AddBackward0>)"
2419,"tensor([139950.6719], grad_fn=<AddBackward0>)"
2420,"tensor([131422.9062], grad_fn=<AddBackward0>)"
2421,"tensor([68398.9062], grad_fn=<AddBackward0>)"
2422,"tensor([118871.7266], grad_fn=<AddBackward0>)"
2423,"tensor([117076.8125], grad_fn=<AddBackward0>)"
2424,"tensor([110709.0703], grad_fn=<AddBackward0>)"
2425,"tensor([202655.8125], grad_fn=<AddBackward0>)"
2426,"tensor([142109.9531], grad_fn=<AddBackward0>)"
2427,"tensor([127570.9844], grad_fn=<AddBackward0>)"
2428,"tensor([169969.5781], grad_fn=<AddBackward0>)"
2429,"tensor([124579.6406], grad_fn=<AddBackward0>)"
2430,"tensor([139226.7188], grad_fn=<AddBackward0>)"
2431,"tensor([130780.0391], grad_fn=<AddBackward0>)"
2432,"tensor([146109.2031], grad_fn=<AddBackward0>)"
2433,"tensor([153511.6250], grad_fn=<AddBackward0>)"
2434,"tensor([135991.1875], grad_fn=<AddBackward0>)"
2435,"tensor([154404.2031], grad_fn=<AddBackward0>)"
2436,"tensor([108877.5859], grad_fn=<AddBackward0>)"
2437,"tensor([110188.4453], grad_fn=<AddBackward0>)"
2438,"tensor([136055.4375], grad_fn=<AddBackward0>)"
2439,"tensor([113734.1094], grad_fn=<AddBackward0>)"
2440,"tensor([127125.5156], grad_fn=<AddBackward0>)"
2441,"tensor([89837.4766], grad_fn=<AddBackward0>)"
2442,"tensor([107831.6016], grad_fn=<AddBackward0>)"
2443,"tensor([144337.5469], grad_fn=<AddBackward0>)"
2444,"tensor([140175.8594], grad_fn=<AddBackward0>)"
2445,"tensor([92003.8672], grad_fn=<AddBackward0>)"
2446,"tensor([146824.6406], grad_fn=<AddBackward0>)"
2447,"tensor([175440.0312], grad_fn=<AddBackward0>)"
2448,"tensor([140617.0781], grad_fn=<AddBackward0>)"
2449,"tensor([116875.2812], grad_fn=<AddBackward0>)"
2450,"tensor([149891.2500], grad_fn=<AddBackward0>)"
2451,"tensor([125421.3438], grad_fn=<AddBackward0>)"
2452,"tensor([175520.8438], grad_fn=<AddBackward0>)"
2453,"tensor([94911.2812], grad_fn=<AddBackward0>)"
2454,"tensor([124622.1719], grad_fn=<AddBackward0>)"
2455,"tensor([113431.7734], grad_fn=<AddBackward0>)"
2456,"tensor([119906.9766], grad_fn=<AddBackward0>)"
2457,"tensor([124390.6016], grad_fn=<AddBackward0>)"
2458,"tensor([140857.0625], grad_fn=<AddBackward0>)"
2459,"tensor([111866.2969], grad_fn=<AddBackward0>)"
2460,"tensor([151961.5938], grad_fn=<AddBackward0>)"
2461,"tensor([128456.5391], grad_fn=<AddBackward0>)"
2462,"tensor([133781.6250], grad_fn=<AddBackward0>)"
2463,"tensor([126226.7109], grad_fn=<AddBackward0>)"
2464,"tensor([178516.9375], grad_fn=<AddBackward0>)"
2465,"tensor([135942.4375], grad_fn=<AddBackward0>)"
2466,"tensor([122583.1250], grad_fn=<AddBackward0>)"
2467,"tensor([142386.5000], grad_fn=<AddBackward0>)"
2468,"tensor([89967.7969], grad_fn=<AddBackward0>)"
2469,"tensor([82415.3906], grad_fn=<AddBackward0>)"
2470,"tensor([211780.6719], grad_fn=<AddBackward0>)"
2471,"tensor([188580.6719], grad_fn=<AddBackward0>)"
2472,"tensor([159273.3281], grad_fn=<AddBackward0>)"
2473,"tensor([110690.2500], grad_fn=<AddBackward0>)"
2474,"tensor([80606.8828], grad_fn=<AddBackward0>)"
2475,"tensor([207805.2344], grad_fn=<AddBackward0>)"
2476,"tensor([114824.7188], grad_fn=<AddBackward0>)"
2477,"tensor([129431.7656], grad_fn=<AddBackward0>)"
2478,"tensor([160575.5156], grad_fn=<AddBackward0>)"
2479,"tensor([108549.4766], grad_fn=<AddBackward0>)"
2480,"tensor([146369.8125], grad_fn=<AddBackward0>)"
2481,"tensor([142028.0469], grad_fn=<AddBackward0>)"
2482,"tensor([128779.4688], grad_fn=<AddBackward0>)"
2483,"tensor([120663.1172], grad_fn=<AddBackward0>)"
2484,"tensor([133062.9531], grad_fn=<AddBackward0>)"
2485,"tensor([122486.4141], grad_fn=<AddBackward0>)"
2486,"tensor([143492.4062], grad_fn=<AddBackward0>)"
2487,"tensor([163680.2344], grad_fn=<AddBackward0>)"
2488,"tensor([168766.9531], grad_fn=<AddBackward0>)"
2489,"tensor([172763.1562], grad_fn=<AddBackward0>)"
2490,"tensor([156520.7812], grad_fn=<AddBackward0>)"
2491,"tensor([88166.2578], grad_fn=<AddBackward0>)"
2492,"tensor([188363.9844], grad_fn=<AddBackward0>)"
2493,"tensor([154372.2969], grad_fn=<AddBackward0>)"
2494,"tensor([153636.0625], grad_fn=<AddBackward0>)"
2495,"tensor([99849.3906], grad_fn=<AddBackward0>)"
2496,"tensor([226747.8281], grad_fn=<AddBackward0>)"
2497,"tensor([162060.9062], grad_fn=<AddBackward0>)"
2498,"tensor([124457.9688], grad_fn=<AddBackward0>)"
2499,"tensor([91618.7422], grad_fn=<AddBackward0>)"
2500,"tensor([134477.1406], grad_fn=<AddBackward0>)"
2501,"tensor([144881.9375], grad_fn=<AddBackward0>)"
2502,"tensor([159725.3594], grad_fn=<AddBackward0>)"
2503,"tensor([91576.5078], grad_fn=<AddBackward0>)"
2504,"tensor([6.0669], grad_fn=<AddBackward0>)"
2505,"tensor([214194.8906], grad_fn=<AddBackward0>)"
2506,"tensor([265962.1250], grad_fn=<AddBackward0>)"
2507,"tensor([294726.6875], grad_fn=<AddBackward0>)"
2508,"tensor([261685.0938], grad_fn=<AddBackward0>)"
2509,"tensor([226106.8750], grad_fn=<AddBackward0>)"
2510,"tensor([222595.4219], grad_fn=<AddBackward0>)"
2511,"tensor([186049.3750], grad_fn=<AddBackward0>)"
2512,"tensor([210392.1719], grad_fn=<AddBackward0>)"
2513,"tensor([223289.3281], grad_fn=<AddBackward0>)"
2514,"tensor([129694.6953], grad_fn=<AddBackward0>)"
2515,"tensor([154821.8906], grad_fn=<AddBackward0>)"
2516,"tensor([179521.3281], grad_fn=<AddBackward0>)"
2517,"tensor([144623.5781], grad_fn=<AddBackward0>)"
2518,"tensor([149656.0312], grad_fn=<AddBackward0>)"
2519,"tensor([219164.2656], grad_fn=<AddBackward0>)"
2520,"tensor([214934.2344], grad_fn=<AddBackward0>)"
2521,"tensor([191670.6250], grad_fn=<AddBackward0>)"
2522,"tensor([230817.3750], grad_fn=<AddBackward0>)"
2523,"tensor([128418.9766], grad_fn=<AddBackward0>)"
2524,"tensor([141872.3125], grad_fn=<AddBackward0>)"
2525,"tensor([142602.8750], grad_fn=<AddBackward0>)"
2526,"tensor([136697.2969], grad_fn=<AddBackward0>)"
2527,"tensor([125935.4297], grad_fn=<AddBackward0>)"
2528,"tensor([125416.3906], grad_fn=<AddBackward0>)"
2529,"tensor([136572.8594], grad_fn=<AddBackward0>)"
2530,"tensor([135191.1719], grad_fn=<AddBackward0>)"
2531,"tensor([262471.2188], grad_fn=<AddBackward0>)"
2532,"tensor([232893.5781], grad_fn=<AddBackward0>)"
2533,"tensor([207671.3906], grad_fn=<AddBackward0>)"
2534,"tensor([230887.9375], grad_fn=<AddBackward0>)"
2535,"tensor([289968.9688], grad_fn=<AddBackward0>)"
2536,"tensor([237582.7188], grad_fn=<AddBackward0>)"
2537,"tensor([229566.2031], grad_fn=<AddBackward0>)"
2538,"tensor([184608.5938], grad_fn=<AddBackward0>)"
2539,"tensor([197764.4219], grad_fn=<AddBackward0>)"
2540,"tensor([186633.5000], grad_fn=<AddBackward0>)"
2541,"tensor([187037.2656], grad_fn=<AddBackward0>)"
2542,"tensor([168420.2656], grad_fn=<AddBackward0>)"
2543,"tensor([129593.5781], grad_fn=<AddBackward0>)"
2544,"tensor([125001.5781], grad_fn=<AddBackward0>)"
2545,"tensor([140147.5625], grad_fn=<AddBackward0>)"
2546,"tensor([130228.4219], grad_fn=<AddBackward0>)"
2547,"tensor([143912.0469], grad_fn=<AddBackward0>)"
2548,"tensor([153113.2344], grad_fn=<AddBackward0>)"
2549,"tensor([173256.4219], grad_fn=<AddBackward0>)"
2550,"tensor([8.1771e-07], grad_fn=<AddBackward0>)"
2551,"tensor([146438.7500], grad_fn=<AddBackward0>)"
2552,"tensor([142477.9688], grad_fn=<AddBackward0>)"
2553,"tensor([85532.2188], grad_fn=<AddBackward0>)"
2554,"tensor([107429.7266], grad_fn=<AddBackward0>)"
2555,"tensor([127240.4375], grad_fn=<AddBackward0>)"
2556,"tensor([110795.4922], grad_fn=<AddBackward0>)"
2557,"tensor([112085.2344], grad_fn=<AddBackward0>)"
2558,"tensor([2552.7781], grad_fn=<AddBackward0>)"
2559,"tensor([129653.4766], grad_fn=<AddBackward0>)"
2560,"tensor([146938.6562], grad_fn=<AddBackward0>)"
2561,"tensor([152281.5625], grad_fn=<AddBackward0>)"
2562,"tensor([139694.9531], grad_fn=<AddBackward0>)"
2563,"tensor([146605.2500], grad_fn=<AddBackward0>)"
2564,"tensor([190714.6562], grad_fn=<AddBackward0>)"
2565,"tensor([132638.0156], grad_fn=<AddBackward0>)"
2566,"tensor([155039.5625], grad_fn=<AddBackward0>)"
2567,"tensor([135644.2969], grad_fn=<AddBackward0>)"
2568,"tensor([61032.9453], grad_fn=<AddBackward0>)"
2569,"tensor([197955.8438], grad_fn=<AddBackward0>)"
2570,"tensor([126484.1484], grad_fn=<AddBackward0>)"
2571,"tensor([188701.6406], grad_fn=<AddBackward0>)"
2572,"tensor([146548.4688], grad_fn=<AddBackward0>)"
2573,"tensor([219459.1094], grad_fn=<AddBackward0>)"
2574,"tensor([137175.3125], grad_fn=<AddBackward0>)"
2575,"tensor([128917.5234], grad_fn=<AddBackward0>)"
2576,"tensor([121211.8125], grad_fn=<AddBackward0>)"
2577,"tensor([145442.0625], grad_fn=<AddBackward0>)"
2578,"tensor([92448.4453], grad_fn=<AddBackward0>)"
2579,"tensor([84558.8203], grad_fn=<AddBackward0>)"
2580,"tensor([125245.1250], grad_fn=<AddBackward0>)"
2581,"tensor([150018.5938], grad_fn=<AddBackward0>)"
2582,"tensor([127133.9141], grad_fn=<AddBackward0>)"
2583,"tensor([245458.9219], grad_fn=<AddBackward0>)"
2584,"tensor([166171.8594], grad_fn=<AddBackward0>)"
2585,"tensor([218199.5625], grad_fn=<AddBackward0>)"
2586,"tensor([237169.6406], grad_fn=<AddBackward0>)"
2587,"tensor([211618.5000], grad_fn=<AddBackward0>)"
2588,"tensor([140130.9219], grad_fn=<AddBackward0>)"
2589,"tensor([154519.3750], grad_fn=<AddBackward0>)"
2590,"tensor([225767.1875], grad_fn=<AddBackward0>)"
2591,"tensor([204928.8125], grad_fn=<AddBackward0>)"
2592,"tensor([212893.5781], grad_fn=<AddBackward0>)"
2593,"tensor([223601.7188], grad_fn=<AddBackward0>)"
2594,"tensor([170637.7500], grad_fn=<AddBackward0>)"
2595,"tensor([202403.6250], grad_fn=<AddBackward0>)"
2596,"tensor([321335.6875], grad_fn=<AddBackward0>)"
2597,"tensor([208624.9375], grad_fn=<AddBackward0>)"
2598,"tensor([284987.8750], grad_fn=<AddBackward0>)"
2599,"tensor([303911.5625], grad_fn=<AddBackward0>)"
2600,"tensor([2806.2034], grad_fn=<AddBackward0>)"
2601,"tensor([152229.9219], grad_fn=<AddBackward0>)"
2602,"tensor([96674.7109], grad_fn=<AddBackward0>)"
2603,"tensor([108849.5000], grad_fn=<AddBackward0>)"
2604,"tensor([95644.0156], grad_fn=<AddBackward0>)"
2605,"tensor([95727.7188], grad_fn=<AddBackward0>)"
2606,"tensor([159765.8750], grad_fn=<AddBackward0>)"
2607,"tensor([101787.1406], grad_fn=<AddBackward0>)"
2608,"tensor([204644.6094], grad_fn=<AddBackward0>)"
2609,"tensor([181016.5156], grad_fn=<AddBackward0>)"
2610,"tensor([115992.2734], grad_fn=<AddBackward0>)"
2611,"tensor([133438.8438], grad_fn=<AddBackward0>)"
2612,"tensor([162816.8906], grad_fn=<AddBackward0>)"
2613,"tensor([137229.1250], grad_fn=<AddBackward0>)"
2614,"tensor([141136.5625], grad_fn=<AddBackward0>)"
2615,"tensor([159536.7656], grad_fn=<AddBackward0>)"
2616,"tensor([169050.1719], grad_fn=<AddBackward0>)"
2617,"tensor([203271.6562], grad_fn=<AddBackward0>)"
2618,"tensor([182594.4062], grad_fn=<AddBackward0>)"
2619,"tensor([216064.0781], grad_fn=<AddBackward0>)"
2620,"tensor([198952.5781], grad_fn=<AddBackward0>)"
2621,"tensor([174067.0938], grad_fn=<AddBackward0>)"
2622,"tensor([186067.1406], grad_fn=<AddBackward0>)"
2623,"tensor([228496.7812], grad_fn=<AddBackward0>)"
2624,"tensor([294114.3750], grad_fn=<AddBackward0>)"
2625,"tensor([283914.2500], grad_fn=<AddBackward0>)"
2626,"tensor([182660.4219], grad_fn=<AddBackward0>)"
2627,"tensor([166011.7031], grad_fn=<AddBackward0>)"
2628,"tensor([380304.9375], grad_fn=<AddBackward0>)"
2629,"tensor([400195.1875], grad_fn=<AddBackward0>)"
2630,"tensor([311858.4375], grad_fn=<AddBackward0>)"
2631,"tensor([418498.5000], grad_fn=<AddBackward0>)"
2632,"tensor([371914.8125], grad_fn=<AddBackward0>)"
2633,"tensor([288833.3438], grad_fn=<AddBackward0>)"
2634,"tensor([375539.9375], grad_fn=<AddBackward0>)"
2635,"tensor([165186.2812], grad_fn=<AddBackward0>)"
2636,"tensor([189046.1875], grad_fn=<AddBackward0>)"
2637,"tensor([193264.1250], grad_fn=<AddBackward0>)"
2638,"tensor([247379.9375], grad_fn=<AddBackward0>)"
2639,"tensor([189102.8125], grad_fn=<AddBackward0>)"
2640,"tensor([159817.8594], grad_fn=<AddBackward0>)"
2641,"tensor([131512.2031], grad_fn=<AddBackward0>)"
2642,"tensor([195526.8438], grad_fn=<AddBackward0>)"
2643,"tensor([121295.3438], grad_fn=<AddBackward0>)"
2644,"tensor([129714.6797], grad_fn=<AddBackward0>)"
2645,"tensor([116919.3750], grad_fn=<AddBackward0>)"
2646,"tensor([103934.5234], grad_fn=<AddBackward0>)"
2647,"tensor([115662.3203], grad_fn=<AddBackward0>)"
2648,"tensor([159046.5625], grad_fn=<AddBackward0>)"
2649,"tensor([152520.5625], grad_fn=<AddBackward0>)"
2650,"tensor([136275.8438], grad_fn=<AddBackward0>)"
2651,"tensor([148340.2812], grad_fn=<AddBackward0>)"
2652,"tensor([367656.5000], grad_fn=<AddBackward0>)"
2653,"tensor([251928.6406], grad_fn=<AddBackward0>)"
2654,"tensor([259340.2344], grad_fn=<AddBackward0>)"
2655,"tensor([361674.4688], grad_fn=<AddBackward0>)"
2656,"tensor([318641.3750], grad_fn=<AddBackward0>)"
2657,"tensor([328547.9062], grad_fn=<AddBackward0>)"
2658,"tensor([282039.3125], grad_fn=<AddBackward0>)"
2659,"tensor([285948.7812], grad_fn=<AddBackward0>)"
2660,"tensor([345071.8438], grad_fn=<AddBackward0>)"
2661,"tensor([348454.8438], grad_fn=<AddBackward0>)"
2662,"tensor([352201.8125], grad_fn=<AddBackward0>)"
2663,"tensor([287805.4062], grad_fn=<AddBackward0>)"
2664,"tensor([261952.4688], grad_fn=<AddBackward0>)"
2665,"tensor([320567.8125], grad_fn=<AddBackward0>)"
2666,"tensor([272756.1875], grad_fn=<AddBackward0>)"
2667,"tensor([172570.9062], grad_fn=<AddBackward0>)"
2668,"tensor([181507.4844], grad_fn=<AddBackward0>)"
2669,"tensor([186868.3125], grad_fn=<AddBackward0>)"
2670,"tensor([275735.1562], grad_fn=<AddBackward0>)"
2671,"tensor([190127.1250], grad_fn=<AddBackward0>)"
2672,"tensor([206954.8750], grad_fn=<AddBackward0>)"
2673,"tensor([213923.3594], grad_fn=<AddBackward0>)"
2674,"tensor([218139.0625], grad_fn=<AddBackward0>)"
2675,"tensor([172224.8281], grad_fn=<AddBackward0>)"
2676,"tensor([194373.1094], grad_fn=<AddBackward0>)"
2677,"tensor([204577.5156], grad_fn=<AddBackward0>)"
2678,"tensor([250590.2031], grad_fn=<AddBackward0>)"
2679,"tensor([276792.4688], grad_fn=<AddBackward0>)"
2680,"tensor([274064.6562], grad_fn=<AddBackward0>)"
2681,"tensor([378531.0938], grad_fn=<AddBackward0>)"
2682,"tensor([311588.7812], grad_fn=<AddBackward0>)"
2683,"tensor([60327.4297], grad_fn=<AddBackward0>)"
2684,"tensor([301677.3125], grad_fn=<AddBackward0>)"
2685,"tensor([292674.2500], grad_fn=<AddBackward0>)"
2686,"tensor([244162.7344], grad_fn=<AddBackward0>)"
2687,"tensor([298458.2500], grad_fn=<AddBackward0>)"
2688,"tensor([213067.2812], grad_fn=<AddBackward0>)"
2689,"tensor([203858.0938], grad_fn=<AddBackward0>)"
2690,"tensor([375669.4062], grad_fn=<AddBackward0>)"
2691,"tensor([192881.4688], grad_fn=<AddBackward0>)"
2692,"tensor([137832.6406], grad_fn=<AddBackward0>)"
2693,"tensor([207219.2188], grad_fn=<AddBackward0>)"
2694,"tensor([128957.8750], grad_fn=<AddBackward0>)"
2695,"tensor([202042.5000], grad_fn=<AddBackward0>)"
2696,"tensor([189285.1094], grad_fn=<AddBackward0>)"
2697,"tensor([198034.8594], grad_fn=<AddBackward0>)"
2698,"tensor([191608.2500], grad_fn=<AddBackward0>)"
2699,"tensor([180187.1250], grad_fn=<AddBackward0>)"
2700,"tensor([160443.5000], grad_fn=<AddBackward0>)"
2701,"tensor([161201.7812], grad_fn=<AddBackward0>)"
2702,"tensor([126895.8906], grad_fn=<AddBackward0>)"
2703,"tensor([128955.0938], grad_fn=<AddBackward0>)"
2704,"tensor([141427.7812], grad_fn=<AddBackward0>)"
2705,"tensor([114993.4141], grad_fn=<AddBackward0>)"
2706,"tensor([115056.7812], grad_fn=<AddBackward0>)"
2707,"tensor([135563.6562], grad_fn=<AddBackward0>)"
2708,"tensor([129252.0156], grad_fn=<AddBackward0>)"
2709,"tensor([101904.], grad_fn=<AddBackward0>)"
2710,"tensor([135488.2656], grad_fn=<AddBackward0>)"
2711,"tensor([2138.7803], grad_fn=<AddBackward0>)"
2712,"tensor([344660.9688], grad_fn=<AddBackward0>)"
2713,"tensor([182050.0156], grad_fn=<AddBackward0>)"
2714,"tensor([154223.4375], grad_fn=<AddBackward0>)"
2715,"tensor([173571.9844], grad_fn=<AddBackward0>)"
2716,"tensor([157987.1250], grad_fn=<AddBackward0>)"
2717,"tensor([195784.6094], grad_fn=<AddBackward0>)"
2718,"tensor([224820.2656], grad_fn=<AddBackward0>)"
2719,"tensor([158243.7031], grad_fn=<AddBackward0>)"
2720,"tensor([176857.7344], grad_fn=<AddBackward0>)"
2721,"tensor([141949.6719], grad_fn=<AddBackward0>)"
2722,"tensor([166466.6719], grad_fn=<AddBackward0>)"
2723,"tensor([152663.0781], grad_fn=<AddBackward0>)"
2724,"tensor([135041.9688], grad_fn=<AddBackward0>)"
2725,"tensor([140685.4219], grad_fn=<AddBackward0>)"
2726,"tensor([152750.2812], grad_fn=<AddBackward0>)"
2727,"tensor([157123.4375], grad_fn=<AddBackward0>)"
2728,"tensor([181980.6250], grad_fn=<AddBackward0>)"
2729,"tensor([161875.7656], grad_fn=<AddBackward0>)"
2730,"tensor([143900.3438], grad_fn=<AddBackward0>)"
2731,"tensor([136705.8906], grad_fn=<AddBackward0>)"
2732,"tensor([130638.6484], grad_fn=<AddBackward0>)"
2733,"tensor([170708.6406], grad_fn=<AddBackward0>)"
2734,"tensor([139846.5625], grad_fn=<AddBackward0>)"
2735,"tensor([143593.9062], grad_fn=<AddBackward0>)"
2736,"tensor([150949.6406], grad_fn=<AddBackward0>)"
2737,"tensor([117832.1719], grad_fn=<AddBackward0>)"
2738,"tensor([143348.9531], grad_fn=<AddBackward0>)"
2739,"tensor([172992.8281], grad_fn=<AddBackward0>)"
2740,"tensor([148422.9844], grad_fn=<AddBackward0>)"
2741,"tensor([140568.8281], grad_fn=<AddBackward0>)"
2742,"tensor([167523.7969], grad_fn=<AddBackward0>)"
2743,"tensor([149635.6719], grad_fn=<AddBackward0>)"
2744,"tensor([176084.4531], grad_fn=<AddBackward0>)"
2745,"tensor([148828.1250], grad_fn=<AddBackward0>)"
2746,"tensor([141928.3750], grad_fn=<AddBackward0>)"
2747,"tensor([158004.4531], grad_fn=<AddBackward0>)"
2748,"tensor([128543.3672], grad_fn=<AddBackward0>)"
2749,"tensor([150039.2188], grad_fn=<AddBackward0>)"
2750,"tensor([137761.5625], grad_fn=<AddBackward0>)"
2751,"tensor([146445.4688], grad_fn=<AddBackward0>)"
2752,"tensor([195058.8594], grad_fn=<AddBackward0>)"
2753,"tensor([144560.6094], grad_fn=<AddBackward0>)"
2754,"tensor([182205.2500], grad_fn=<AddBackward0>)"
2755,"tensor([146866.], grad_fn=<AddBackward0>)"
2756,"tensor([109967.1016], grad_fn=<AddBackward0>)"
2757,"tensor([78964.6016], grad_fn=<AddBackward0>)"
2758,"tensor([107950.5078], grad_fn=<AddBackward0>)"
2759,"tensor([160496.2812], grad_fn=<AddBackward0>)"
2760,"tensor([133656.9375], grad_fn=<AddBackward0>)"
2761,"tensor([157129.7031], grad_fn=<AddBackward0>)"
2762,"tensor([158482.9375], grad_fn=<AddBackward0>)"
2763,"tensor([201829.3594], grad_fn=<AddBackward0>)"
2764,"tensor([137249.8594], grad_fn=<AddBackward0>)"
2765,"tensor([265101.9062], grad_fn=<AddBackward0>)"
2766,"tensor([133997.8906], grad_fn=<AddBackward0>)"
2767,"tensor([86660.2812], grad_fn=<AddBackward0>)"
2768,"tensor([124746.8906], grad_fn=<AddBackward0>)"
2769,"tensor([140211.4688], grad_fn=<AddBackward0>)"
2770,"tensor([145280.7656], grad_fn=<AddBackward0>)"
2771,"tensor([121473.1719], grad_fn=<AddBackward0>)"
2772,"tensor([111789.5391], grad_fn=<AddBackward0>)"
2773,"tensor([163018.5938], grad_fn=<AddBackward0>)"
2774,"tensor([129058.7500], grad_fn=<AddBackward0>)"
2775,"tensor([119836.4688], grad_fn=<AddBackward0>)"
2776,"tensor([149600.1719], grad_fn=<AddBackward0>)"
2777,"tensor([148238.7812], grad_fn=<AddBackward0>)"
2778,"tensor([111197.8516], grad_fn=<AddBackward0>)"
2779,"tensor([125272.1484], grad_fn=<AddBackward0>)"
2780,"tensor([84121.6719], grad_fn=<AddBackward0>)"
2781,"tensor([100394.8281], grad_fn=<AddBackward0>)"
2782,"tensor([106073.0156], grad_fn=<AddBackward0>)"
2783,"tensor([102649.6328], grad_fn=<AddBackward0>)"
2784,"tensor([120167.3750], grad_fn=<AddBackward0>)"
2785,"tensor([150428.9062], grad_fn=<AddBackward0>)"
2786,"tensor([87429.5625], grad_fn=<AddBackward0>)"
2787,"tensor([121437.2188], grad_fn=<AddBackward0>)"
2788,"tensor([90199.6719], grad_fn=<AddBackward0>)"
2789,"tensor([180797.0781], grad_fn=<AddBackward0>)"
2790,"tensor([108913.8125], grad_fn=<AddBackward0>)"
2791,"tensor([114974.6328], grad_fn=<AddBackward0>)"
2792,"tensor([62703.1289], grad_fn=<AddBackward0>)"
2793,"tensor([144397.3750], grad_fn=<AddBackward0>)"
2794,"tensor([98662.0078], grad_fn=<AddBackward0>)"
2795,"tensor([121344.9922], grad_fn=<AddBackward0>)"
2796,"tensor([88990.5938], grad_fn=<AddBackward0>)"
2797,"tensor([196214.3906], grad_fn=<AddBackward0>)"
2798,"tensor([108158.5156], grad_fn=<AddBackward0>)"
2799,"tensor([112911.6875], grad_fn=<AddBackward0>)"
2800,"tensor([78509.8516], grad_fn=<AddBackward0>)"
2801,"tensor([106533.5156], grad_fn=<AddBackward0>)"
2802,"tensor([125014.7031], grad_fn=<AddBackward0>)"
2803,"tensor([153176.4688], grad_fn=<AddBackward0>)"
2804,"tensor([122426.0938], grad_fn=<AddBackward0>)"
2805,"tensor([109138.4219], grad_fn=<AddBackward0>)"
2806,"tensor([104274.7969], grad_fn=<AddBackward0>)"
2807,"tensor([160463.6250], grad_fn=<AddBackward0>)"
2808,"tensor([161016.9688], grad_fn=<AddBackward0>)"
2809,"tensor([125775.6875], grad_fn=<AddBackward0>)"
2810,"tensor([132241.3125], grad_fn=<AddBackward0>)"
2811,"tensor([181895.4375], grad_fn=<AddBackward0>)"
2812,"tensor([155823.4531], grad_fn=<AddBackward0>)"
2813,"tensor([173856.8125], grad_fn=<AddBackward0>)"
2814,"tensor([169710.7188], grad_fn=<AddBackward0>)"
2815,"tensor([94505.0859], grad_fn=<AddBackward0>)"
2816,"tensor([200188.], grad_fn=<AddBackward0>)"
2817,"tensor([156467.0312], grad_fn=<AddBackward0>)"
2818,"tensor([128272.2656], grad_fn=<AddBackward0>)"
2819,"tensor([166695.3750], grad_fn=<AddBackward0>)"
2820,"tensor([152230.2500], grad_fn=<AddBackward0>)"
2821,"tensor([118338.2188], grad_fn=<AddBackward0>)"
2822,"tensor([206856.4531], grad_fn=<AddBackward0>)"
2823,"tensor([248815.7344], grad_fn=<AddBackward0>)"
2824,"tensor([148948.3594], grad_fn=<AddBackward0>)"
2825,"tensor([157221.4688], grad_fn=<AddBackward0>)"
2826,"tensor([144691.9844], grad_fn=<AddBackward0>)"
2827,"tensor([149764.7969], grad_fn=<AddBackward0>)"
2828,"tensor([235824.8125], grad_fn=<AddBackward0>)"
2829,"tensor([143150.4219], grad_fn=<AddBackward0>)"
2830,"tensor([237721.3594], grad_fn=<AddBackward0>)"
2831,"tensor([188863.8594], grad_fn=<AddBackward0>)"
2832,"tensor([257532.5156], grad_fn=<AddBackward0>)"
2833,"tensor([298921.6250], grad_fn=<AddBackward0>)"
2834,"tensor([214120.4531], grad_fn=<AddBackward0>)"
2835,"tensor([225262.1094], grad_fn=<AddBackward0>)"
2836,"tensor([206413.8438], grad_fn=<AddBackward0>)"
2837,"tensor([162323.7969], grad_fn=<AddBackward0>)"
2838,"tensor([151441.9531], grad_fn=<AddBackward0>)"
2839,"tensor([184191.7500], grad_fn=<AddBackward0>)"
2840,"tensor([207402.9688], grad_fn=<AddBackward0>)"
2841,"tensor([206390.3125], grad_fn=<AddBackward0>)"
2842,"tensor([232833.1719], grad_fn=<AddBackward0>)"
2843,"tensor([161990.1250], grad_fn=<AddBackward0>)"
2844,"tensor([154890.5625], grad_fn=<AddBackward0>)"
2845,"tensor([123824.7266], grad_fn=<AddBackward0>)"
2846,"tensor([215643.6406], grad_fn=<AddBackward0>)"
2847,"tensor([207268.3906], grad_fn=<AddBackward0>)"
2848,"tensor([221774.3906], grad_fn=<AddBackward0>)"
2849,"tensor([209542.0781], grad_fn=<AddBackward0>)"
2850,"tensor([280725.], grad_fn=<AddBackward0>)"
2851,"tensor([214618.2344], grad_fn=<AddBackward0>)"
2852,"tensor([236980.9844], grad_fn=<AddBackward0>)"
2853,"tensor([238072.2031], grad_fn=<AddBackward0>)"
2854,"tensor([148610.9688], grad_fn=<AddBackward0>)"
2855,"tensor([214594.1094], grad_fn=<AddBackward0>)"
2856,"tensor([197954.2812], grad_fn=<AddBackward0>)"
2857,"tensor([189545.9531], grad_fn=<AddBackward0>)"
2858,"tensor([210978.6562], grad_fn=<AddBackward0>)"
2859,"tensor([128957.5781], grad_fn=<AddBackward0>)"
2860,"tensor([112258.6094], grad_fn=<AddBackward0>)"
2861,"tensor([143008.9062], grad_fn=<AddBackward0>)"
2862,"tensor([212151.7500], grad_fn=<AddBackward0>)"
2863,"tensor([125566.4609], grad_fn=<AddBackward0>)"
2864,"tensor([248128.3594], grad_fn=<AddBackward0>)"
2865,"tensor([144971.1875], grad_fn=<AddBackward0>)"
2866,"tensor([146744.2500], grad_fn=<AddBackward0>)"
2867,"tensor([110250.2734], grad_fn=<AddBackward0>)"
2868,"tensor([102463.6875], grad_fn=<AddBackward0>)"
2869,"tensor([115292.0156], grad_fn=<AddBackward0>)"
2870,"tensor([146091.4375], grad_fn=<AddBackward0>)"
2871,"tensor([88406.3594], grad_fn=<AddBackward0>)"
2872,"tensor([70823.5078], grad_fn=<AddBackward0>)"
2873,"tensor([105192.3828], grad_fn=<AddBackward0>)"
2874,"tensor([138373.3281], grad_fn=<AddBackward0>)"
2875,"tensor([105976.7734], grad_fn=<AddBackward0>)"
2876,"tensor([168173.1875], grad_fn=<AddBackward0>)"
2877,"tensor([144259.1562], grad_fn=<AddBackward0>)"
2878,"tensor([152945.4219], grad_fn=<AddBackward0>)"
2879,"tensor([147241.2812], grad_fn=<AddBackward0>)"
2880,"tensor([111952.9531], grad_fn=<AddBackward0>)"
2881,"tensor([139983.2656], grad_fn=<AddBackward0>)"
2882,"tensor([161345.7500], grad_fn=<AddBackward0>)"
2883,"tensor([180627.8281], grad_fn=<AddBackward0>)"
2884,"tensor([196676.2969], grad_fn=<AddBackward0>)"
2885,"tensor([183807.1094], grad_fn=<AddBackward0>)"
2886,"tensor([225143.6719], grad_fn=<AddBackward0>)"
2887,"tensor([98176.9844], grad_fn=<AddBackward0>)"
2888,"tensor([138309.9375], grad_fn=<AddBackward0>)"
2889,"tensor([63462.4688], grad_fn=<AddBackward0>)"
2890,"tensor([93873.2812], grad_fn=<AddBackward0>)"
2891,"tensor([149529.0156], grad_fn=<AddBackward0>)"
2892,"tensor([63150.6250], grad_fn=<AddBackward0>)"
2893,"tensor([99338.0625], grad_fn=<AddBackward0>)"
2894,"tensor([71260.4688], grad_fn=<AddBackward0>)"
2895,"tensor([268515.7188], grad_fn=<AddBackward0>)"
2896,"tensor([252546.4219], grad_fn=<AddBackward0>)"
2897,"tensor([201430.2500], grad_fn=<AddBackward0>)"
2898,"tensor([157549.2812], grad_fn=<AddBackward0>)"
2899,"tensor([213970.7969], grad_fn=<AddBackward0>)"
2900,"tensor([174009.6094], grad_fn=<AddBackward0>)"
2901,"tensor([195218.6094], grad_fn=<AddBackward0>)"
2902,"tensor([205656.5469], grad_fn=<AddBackward0>)"
2903,"tensor([328396.7500], grad_fn=<AddBackward0>)"
2904,"tensor([352254.4062], grad_fn=<AddBackward0>)"
2905,"tensor([95068.5703], grad_fn=<AddBackward0>)"
2906,"tensor([210195.4688], grad_fn=<AddBackward0>)"
2907,"tensor([120461.1641], grad_fn=<AddBackward0>)"
2908,"tensor([144051.5469], grad_fn=<AddBackward0>)"
2909,"tensor([152529.5781], grad_fn=<AddBackward0>)"
2910,"tensor([90354.8984], grad_fn=<AddBackward0>)"
2911,"tensor([95417.1484], grad_fn=<AddBackward0>)"
2912,"tensor([155528.5938], grad_fn=<AddBackward0>)"
2913,"tensor([100447.4766], grad_fn=<AddBackward0>)"
2914,"tensor([86874.1875], grad_fn=<AddBackward0>)"
2915,"tensor([95261.0469], grad_fn=<AddBackward0>)"
2916,"tensor([95413.1562], grad_fn=<AddBackward0>)"
2917,"tensor([196423.2500], grad_fn=<AddBackward0>)"
2918,"tensor([115698.6953], grad_fn=<AddBackward0>)"
2919,"tensor([238364.6094], grad_fn=<AddBackward0>)"
